mack,tencongty,sanck,vonhoa
AAA,CTCP Nhựa An Phát Xanh,HOSE,0.0065316393694126885
AAH,CTCP Hợp Nhất,UPCOM,0.0008246082945581163
AAM,CTCP Thủy sản MeKong,HOSE,0.0001415947063946251
AAS,CTCP Chứng khoán SmartInvest,UPCOM,0.004007831521612915
AAT,CTCP Tập Đoàn Tiên Sơn Thanh Hóa,HOSE,0.0004754182073906627
AAV,CTCP AAV Group,HNX,0.0009799284104517285
ABB,Ngân hàng TMCP An Bình,UPCOM,0.015018318172129955
ABC,CTCP Truyền thông VMG,UPCOM,0.00046792120723656314
ABI,CTCP Bảo hiểm Ngân hàng Nông nghiệp Việt Nam,UPCOM,0.004184419817021658
ABR,CTCP Đầu tư Nhãn hiệu Việt,HOSE,0.000502000438598126
ABS,CTCP Dịch vụ Nông nghiệp Bình Thuận,HOSE,0.0007138810542857869
ABT,CTCP Xuất nhập khẩu Thủy sản Bến Tre,HOSE,0.0009057321134421854
ABW,CTCP Chứng khoán An Bình,UPCOM,0.001658829363101701
ACB,Ngân hàng TMCP Á Châu,HOSE,0.22607593871830023
ACC,CTCP Đầu tư và Xây dựng Bình Dương ACC,HOSE,0.002999444902636953
ACG,CTCP Gỗ An Cường,HOSE,0.012357380350613704
ACL,CTCP Xuất nhập khẩu Thủy sản Cửu Long An Giang,HOSE,0.0011629351929917946
ACV,Tổng Công ty Cảng Hàng không Việt Nam - CTCP,UPCOM,0.5376940292941769
ADC,CTCP Mỹ thuật và Truyền thông,HNX,0.00015580449440346397
ADG,CTCP Clever Group,HOSE,0.00046590203852777095
ADP,CTCP Sơn Á Đông,HOSE,0.0013004836380261801
ADS,CTCP Damsan,HOSE,0.0013048274869275048
AFX,CTCP Xuất nhập khẩu Nông sản Thực phẩm An Giang,UPCOM,0.0005137715839141072
AGF,CTCP Xuất nhập khẩu Thủy sản An Giang,UPCOM,0.00015735940972955119
AGG,CTCP Đầu tư và Phát triển Bất động sản An Gia,HOSE,0.004902314400643904
AGM,CTCP Xuất Nhập khẩu An Giang,HOSE,0.00011046075566775
AGP,CTCP Dược phẩm Agimexpharm,UPCOM,0.0017581764658813972
AGR,CTCP Chứng khoán Agribank,HOSE,0.007154427686450271
AIC,Tổng Công ty Cổ phần Bảo hiểm Hàng không,UPCOM,0.002149960782835488
AIG,CTCP Nguyên liệu Á Châu AIG,UPCOM,0.015454847032773753
ALT,CTCP Văn hóa Tân Bình,HNX,0.00012584728486669472
AMC,CTCP Khoáng sản Á Châu,HNX,8.137817930706589e-05
AME,CTCP Alphanam E&C,HNX,0.0005931091033438201
AMS,CTCP Cơ khí Xây dựng AMECC,UPCOM,0.0011219474252398003
AMV,CTCP Sản xuất Kinh doanh Dược và Trang thiết bị Y tế Việt Mỹ,HNX,0.0003777333893796504
ANT,CTCP Rau quả Thực phẩm An Giang,UPCOM,0.0006958251934499394
ANV,CTCP Nam Việt,HOSE,0.010334563385641926
APC,CTCP Chiếu xạ An Phú,UPCOM,0.0002524545258613915
APF,CTCP Nông sản Thực phẩm Quảng Ngãi,UPCOM,0.003204227306210833
APG,CTCP Chứng khoán APG,HOSE,0.0029181424952516894
APH,CTCP Tập đoàn An Phát Holdings,HOSE,0.003341180826966918
API,CTCP Đầu tư Châu Á - Thái Bình Dương,HNX,0.001278611585219523
APS,CTCP Chứng khoán Châu Á Thái Bình Dương,HNX,0.0010503396245675816
ARM,CTCP Xuất nhập khẩu Hàng không,HNX,0.0001451252156114023
ART,CTCP Chứng khoán BOS,UPCOM,0.0002391100781017823
ASG,CTCP Tập đoàn ASG,HOSE,0.003251268045255471
ASM,CTCP Tập đoàn Sao Mai,HOSE,0.006237555637016306
ASP,CTCP Tập đoàn Dầu khí An Pha,HOSE,0.00028200673034896903
AST,CTCP Dịch vụ Hàng không Taseco,HOSE,0.004803373122812908
ATG,CTCP An Trường An,UPCOM,5.46223660038407e-05
ATS,CTCP Tập đoàn Đầu tư ATS,HNX,9.491499642044421e-05
AVC,CTCP Thủy điện A Vương,UPCOM,0.007972403255108597
AVG,CTCP Phân bón Quốc tế Âu Việt,UPCOM,0.0010082057370829065
BAB,Ngân hàng TMCP Bắc Á,HNX,0.02108424766182209
BAF,CTCP Nông nghiệp BAF Việt Nam,HOSE,0.013168749697283036
BAX,CTCP Thống Nhất,HNX,0.0006434503681451663
BBC,CTCP Bibica,HOSE,0.0019675458783975004
BBM,CTCP Bia Hà Nội - Nam Định,UPCOM,2.0168223663963856e-05
BBS,CTCP VICEM Bao bì Bút Sơn,HNX,0.0001119831571286169
BCA,CTCP B.C.H,UPCOM,0.0004019457034122861
BCC,CTCP Xi măng Bỉm Sơn,HNX,0.0017564742066171174
BCE,CTCP Xây dựng và Giao thông Bình Dương,HOSE,0.0005755700968230082
BCF,CTCP Thực phẩm Bích Chi,HNX,0.0026852283601065266
BCG,CTCP Tập đoàn Bamboo Capital,HOSE,0.01097467011805481
BCM,Tổng Công ty Đầu tư và Phát triển Công nghiệp – CTCP,HOSE,0.1439559674756842
BCR,CTCP BCG Land,UPCOM,0.004360698782426357
BDB,CTCP Sách và Thiết bị Bình Định,HNX,9.376328951363917e-06
BDG,CTCP May mặc Bình Dương,UPCOM,0.001636419644987461
BDT,CTCP Xây lắp và Vật liệu Xây dựng Đồng Tháp,UPCOM,0.0005143763461232913
BDW,CTCP Cấp thoát nước Bình Định,UPCOM,0.0005908837290846829
BED,CTCP Sách và Thiết bị Trường học Đà Nẵng,HNX,0.00017319311277171892
BFC,CTCP Phân bón Bình Điền,HOSE,0.004506174693121649
BGE,CTCP BCG Energy,UPCOM,0.013597399602627165
BGW,CTCP Nước sạch Bắc Giang,UPCOM,0.0005616235182937504
BHA,CTCP Thủy điện Bắc Hà,UPCOM,0.0028405346413730493
BHC,CTCP Bê tông Biên Hòa,UPCOM,6.925685183485054e-06
BHI,Tổng Công ty cổ phần Bảo hiểm Sài Gòn - Hà Nội,UPCOM,0.002149960782835488
BHK,CTCP Bia Hà Nội - Kim Bài,UPCOM,0.00014440677690148702
BHN,Tổng Công ty cổ phần Bia - Rượu - Nước giải khát Hà Nội,HOSE,0.017295481470822386
BIC,Tổng Công ty cổ phần Bảo hiểm Ngân hàng Đầu tư và Phát triển Việt Nam,HOSE,0.007780144505669338
BID,Ngân hàng TMCP Đầu tư và Phát triển Việt Nam,HOSE,0.4199302105319491
BKC,CTCP Khoáng sản Bắc Kạn,HNX,0.00032121430459472423
BKG,CTCP Đầu tư BKG Việt Nam,HOSE,0.00045271384016634306
BLI,Tổng Công ty cổ phần Bảo hiểm Bảo Long,UPCOM,0.0011807927292552718
BMC,CTCP Khoáng sản Bình Định,HOSE,0.0005049128024020521
BMF,CTCP Vật liệu Xây dựng và Chất đốt Đồng Nai,UPCOM,0.00026241476110285434
BMI,Tổng Công ty cổ phần Bảo Minh,HOSE,0.0054566700752029535
BMJ,CTCP Khoáng sản Miền Đông AHP,UPCOM,0.002463857473331258
BMP,CTCP Nhựa Bình Minh,HOSE,0.021046511857182062
BMS,CTCP Chứng khoán Bảo Minh,UPCOM,0.001526532823291684
BMV,CTCP Bột mỳ Vinafood 1,UPCOM,0.0003574900112689306
BNA,CTCP Tập đoàn Đầu tư Bảo Ngọc,HNX,0.0006172474431832037
BNW,CTCP Nước sạch Bắc Ninh,UPCOM,0.0006696497931532549
BOT,CTCP BOT Cầu Thái Hà,UPCOM,0.0003057486864437017
BPC,CTCP VICEM Bao bì Bỉm Sơn,HNX,6.572255603681095e-05
BRC,CTCP Cao su Bến Thành,HOSE,0.00034152040603800324
BRR,CTCP Cao su Bà Rịa,UPCOM,0.004185387993723897
BSA,CTCP Thủy điện Buôn Đôn,UPCOM,0.002916609086514363
BSC,CTCP Dịch vụ Bến Thành,HNX,8.216470016344551e-05
BSG,CTCP Xe khách Sài Gòn,UPCOM,0.0013691414768754046
BSH,CTCP Bia Sài Gòn - Hà Nội,UPCOM,0.0006522787271321522
BSI,CTCP Chứng khoán BIDV,HOSE,0.02125992487352616
BSL,CTCP Bia Sài Gòn - Sông Lam,UPCOM,0.000874753373604196
BSP,CTCP Bia Sài Gòn - Phú Thọ,UPCOM,0.0002396019909293793
BSQ,CTCP Bia Sài Gòn - Quảng Ngãi,UPCOM,0.001819387785211684
BSR,CTCP Lọc hóa Dầu Bình Sơn,HOSE,0.1386783572968088
BST,CTCP Sách và Thiết bị Bình Thuận,HNX,2.3856515862971287e-05
BTH,CTCP Chế tạo Biến thế và Vật liệu Điện Hà Nội,UPCOM,0.0017428753406578065
BTP,CTCP Nhiệt điện Bà Rịa,HOSE,0.001415887049154229
BTS,CTCP Xi măng VICEM Bút Sơn,HNX,0.0011797109939599402
BTT,CTCP Thương mại Dịch vụ Bến Thành,HOSE,0.0010645630918243922
BTV,CTCP Dịch vụ Du lịch Bến Thành,UPCOM,0.0006724794642689648
BTW,CTCP Cấp nước Bến Thành,HNX,0.0007374547346385918
BVB,Ngân hàng TMCP Bản Việt,UPCOM,0.01255058398666136
BVH,Tập đoàn Bảo Việt,HOSE,0.07382792559302606
BVL,CTCP BV Land,UPCOM,0.0014861709098756084
BVS,CTCP Chứng khoán Bảo Việt,HNX,0.0052328342664567234
BWE,CTCP - Tổng công ty nước - môi trường Bình Dương,HOSE,0.02048667936063189
BWS,CTCP Cấp nước Bà Rịa - Vũng Tàu,UPCOM,0.00664311796969873
BXH,CTCP VICEM Bao bì Hải Phòng,HNX,8.114629559177127e-05
C21,CTCP Thế Kỷ 21,UPCOM,0.0006004285264716234
C32,CTCP CIC39,HOSE,0.0005108887362570608
C47,CTCP Xây dựng 47,HOSE,0.0004197076044170863
C4G,CTCP Tập đoàn CIENCO4,UPCOM,0.005529605619083063
C69,CTCP Xây dựng 1369,HNX,0.0007921195709347325
CAD,CTCP Chế biến và Xuất nhập khẩu Thủy sản Cadovimex,UPCOM,1.232072184550908e-05
CAG,CTCP Cảng An Giang,HNX,0.00020579918529698674
CAN,CTCP Đồ hộp Hạ Long,HNX,0.0005216190141247613
CAP,CTCP Lâm Nông sản Thực phẩm Yên Bái,HNX,0.0013070515565121324
CAR,CTCP Tập đoàn Giáo dục Trí Việt,HNX,0.0001924071132491009
CBI,CTCP Gang thép Cao Bằng,UPCOM,0.0007934549324278721
CC1,Tổng Công ty Xây dựng Số 1 - CTCP,UPCOM,0.011234774573848555
CC4,CTCP Đầu tư và Xây dựng Số 4,UPCOM,0.002088750827192386
CCA,CTCP Xuất nhập khẩu Thuỷ sản Cần Thơ,UPCOM,0.0004499686195632166
CCI,CTCP Đầu tư Phát triển Công nghiệp Thương mại Củ Chi,HOSE,0.0008591288379287206
CCL,CTCP Đầu tư và Phát triển Đô thị Dầu khí Cửu Long,HOSE,0.0010450986715699493
CCR,CTCP Cảng Cam Ranh,HNX,0.0006443708544445296
CCT,CTCP Cảng Cần Thơ,UPCOM,0.0005283050246642385
CDC,CTCP Chương Dương,HOSE,0.0007274327968190543
CDN,CTCP Cảng Đà Nẵng,HNX,0.0065955299971710395
CDO,CTCP Tư vấn Thiết kế và Phát triển Đô thị,UPCOM,0.00010935319389103769
CDP,CTCP Dược phẩm Trung ương Codupha,UPCOM,0.00035629280731599316
CEN,CTCP CENCON Việt Nam,UPCOM,7.71109037071164e-05
CEO,CTCP Tập đoàn C.E.O,HNX,0.01398656328458397
CET,CTCP HTC Holding,HNX,4.651597059623502e-05
CFV,CTCP Cà phê Thắng Lợi,UPCOM,0.0006198001753478074
CHP,CTCP Thủy điện Miền Trung,HOSE,0.009704989684839755
CHS,CTCP Chiếu sáng Công cộng Thành phố Hồ Chí Minh,UPCOM,0.000716235283348983
CIA,CTCP Dịch vụ Sân bay Quốc tế Cam Ranh,HNX,0.0003690076902784946
CIG,CTCP COMA 18,HOSE,0.0004962140732509513
CII,CTCP Đầu tư Hạ tầng Kỹ thuật Thành phố Hồ Chí Minh,HOSE,0.008742873650554407
CJC,CTCP Cơ điện Miền Trung,HNX,0.0003968448737753609
CKD,CTCP Cơ khí Đông Anh LICOGI,UPCOM,0.0013785583931281895
CKG,CTCP Tập đoàn Tư vấn Đầu tư Xây dựng Kiên Giang,HOSE,0.0042155251834839905
CKV,CTCP COKYVINA,HNX,9.424011742232797e-05
CLC,CTCP Cát Lợi,HOSE,0.0026655257964771336
CLH,CTCP Xi măng La Hiên VVMI,HNX,0.0005027851816191914
CLL,CTCP Cảng Cát Lái,HOSE,0.0023798904880076533
CLM,CTCP Xuất nhập khẩu Than - Vinacomin,HNX,0.001651452778703686
CLW,CTCP Cấp nước Chợ Lớn,HOSE,0.0010720181505245135
CLX,CTCP Xuất nhập khẩu và Đầu tư Chợ Lớn (CHOLIMEX),UPCOM,0.0028291951047186544
CMC,CTCP Đầu tư CMC,HNX,4.202700509283455e-05
CMD,CTCP Vật liệu Xây dựng và Trang trí nội thất Thành phố Hồ Chí Minh,UPCOM,0.00047398118903098547
CMI,CTCP CMISTONE Việt Nam,UPCOM,2.9585139916748782e-05
CMM,CTCP Camimex,UPCOM,0.0016677459691880063
CMP,CTCP Cảng Chân Mây,UPCOM,0.0005068734210416712
CMS,CTCP Tập Đoàn CMH Việt Nam,HNX,0.0004812724326254595
CMV,CTCP Thương nghiệp Cà Mau,HOSE,0.00029468090237378633
CMW,CTCP Cấp nước Cà Mau,UPCOM,0.0003606923317335677
CMX,CTCP Camimex Group,HOSE,0.0015652194306196535
CNG,CTCP CNG Việt Nam,HOSE,0.002126571984014731
CNT,CTCP Tập đoàn CNT,UPCOM,0.00134365921223085
COM,CTCP Vật tư Xăng Dầu,HOSE,0.0008036054331270646
CPA,CTCP Cà phê Phước An,UPCOM,0.0003256716794830687
CPC,CTCP Thuốc sát trùng Cần Thơ,HNX,0.000136047498055343
CPI,CTCP Đầu tư Cảng Cái Lân,UPCOM,0.0003356820027135228
CQN,CTCP Cảng Quảng Ninh,UPCOM,0.004585720728483254
CQT,CTCP Xi măng Quán Triều VVMI,UPCOM,0.0004137168487282673
CRC,CTCP Create Capital Việt Nam,HOSE,0.0007911782418607298
CRE,CTCP Bất động sản Thế Kỷ,HOSE,0.007087351446936451
CSC,CTCP Tập đoàn COTANA,HNX,0.001988155228282595
CSI,CTCP Chứng khoán Kiến thiết Việt Nam,UPCOM,0.0010960509055446418
CSM,CTCP Công nghiệp Cao su Miền Nam,HOSE,0.0031328716197328065
CST,CTCP Than Cao Sơn - TKV,HNX,0.0020429635462079648
CSV,CTCP Hóa chất Cơ bản Miền Nam,HOSE,0.009898995768103405
CTB,CTCP Chế tạo Bơm Hải Dương,HNX,0.0005125787745220877
CTD,CTCP Xây dựng Coteccons,HOSE,0.01346044617564787
CTF,CTCP City Auto,HOSE,0.004120420880757974
CTG,Ngân hàng TMCP Công Thương Việt Nam,HOSE,0.39822092270626996
CTI,CTCP Đầu tư Phát triển Cường Thuận IDICO,HOSE,0.002045354425713031
CTP,CTCP Hòa Bình Takara,HNX,0.0006803328349842884
CTR,Tổng Công ty cổ phần Công trình Viettel,HOSE,0.027930813153864288
CTS,CTCP Chứng khoán Ngân hàng Công thương Việt Nam,HOSE,0.01035093742251032
CTT,CTCP Chế tạo Máy - Vinacomin,HNX,0.0001301504779585326
CTW,CTCP Cấp thoát nước Cần Thơ,UPCOM,0.001722189318436767
CTX,Tổng Công ty cổ phần Đầu tư Xây dựng và Thương mại Việt Nam,UPCOM,0.0011684342237989701
CVN,CTCP Vinam,HNX,0.00010262506305464773
CVT,CTCP CMC,HOSE,0.0018166686220986651
CX8,CTCP Đầu tư và Xây lắp Constrexim Số 8,HNX,3.5953562601371854e-05
D11,CTCP Địa ốc 11,HNX,0.00013732092762926007
D2D,CTCP Phát triển Đô thị Công nghiệp số 2,HOSE,0.0018737975921894953
DAC,CTCP 382 Đông Anh,UPCOM,7.897461501962136e-07
DAD,CTCP Đầu tư và Phát triển Giáo dục Đà Nẵng,HNX,0.00018661410181518802
DAE,CTCP Sách Giáo dục tại Thành phố Đà Nẵng,HNX,5.651899532422178e-05
DAH,CTCP Tập đoàn Khách sạn Đông Á,HOSE,0.0005535580550821234
DAN,CTCP Dược Danapha,UPCOM,0.0012653160514733456
DAT,CTCP Đầu tư du lịch và Phát triển Thủy sản,HOSE,0.0010512833953694944
DBC,CTCP Tập đoàn Dabaco Việt Nam,HOSE,0.018211823490792645
DBD,CTCP Dược - Trang thiết bị Y tế Bình Định (BIDIPHAR),HOSE,0.010563772777549283
DBT,CTCP Dược phẩm Bến Tre,HOSE,0.0004833116462214246
DC2,CTCP Đầu tư - Phát triển - Xây dựng (DIC) Số 2,HNX,0.00015556570494958398
DC4,CTCP Xây dựng DIC Holdings,HOSE,0.0015100816722770254
DCF,CTCP Xây dựng và Thiết kế Số 1,UPCOM,0.004052962608919108
DCL,CTCP Dược phẩm Cửu Long,HOSE,0.00382508805253088
DCM,CTCP Phân bón Dầu khí Cà Mau,HOSE,0.036966340501236136
DCT,CTCP Tấm lợp Vật liệu Xây dựng Đồng Nai,UPCOM,2.3962825392406528e-05
DDG,CTCP Đầu tư Công nghiệp Xuất nhập khẩu Đông Dương,HNX,0.0004618209249642939
DDM,CTCP Hàng Hải Đông Đô,UPCOM,3.7559178212192525e-05
DDN,CTCP Dược và Thiết bị Y tế Đà Nẵng,UPCOM,0.00022680039641346508
DDV,CTCP DAP - VINACHEM,UPCOM,0.005638859648333687
DFF,CTCP Tập đoàn Đua Fat,UPCOM,0.00025873010206784873
DGC,CTCP Tập đoàn Hóa chất Đức Giang,HOSE,0.08686721331801886
DGT,CTCP Công trình Giao thông Đồng Nai,UPCOM,0.0009218379548681207
DGW,CTCP Thế Giới Số,HOSE,0.017277023804883964
DHA,CTCP Hóa An,HOSE,0.0012385407175893785
DHB,CTCP Phân đạm và Hóa chất Hà Bắc,UPCOM,0.0047980761074207165
DHC,CTCP Đông Hải Bến Tre,HOSE,0.005945346684575792
DHD,CTCP Dược Vật tư Y tế Hải Dương,UPCOM,0.0015326026785266117
DHG,CTCP Dược Hậu Giang,HOSE,0.026642804312951258
DHM,CTCP Thương mại và Khai thác Khoáng sản Dương Hiếu,HOSE,0.0005664724287843615
DHP,CTCP Điện cơ Hải Phòng,HNX,0.0001930387929286505
DHT,CTCP Dược phẩm Hà Tây,HNX,0.015338204266987064
DID,CTCP DIC - Đồng Tiến,UPCOM,0.00012370912792784738
DIG,Tổng Công ty cổ phần Đầu tư Phát triển Xây dựng,HOSE,0.022604685306221554
DIH,CTCP Đầu tư Phát triển Xây dựng - Hội An,HNX,0.00020832335830882492
DL1,CTCP Tập đoàn Alpha Seven,HNX,0.001054859900140408
DLG,CTCP Tập đoàn Đức Long Gia Lai,HOSE,0.0012132997872222283
DLR,CTCP Địa ốc Đà Lạt,UPCOM,0.0001676018187466279
DM7,CTCP Dệt May 7,UPCOM,0.0006570738993623723
DMC,CTCP Xuất nhập khẩu Y Tế Domesco,HOSE,0.00469291090006808
DMN,CTCP Domenal,UPCOM,0.00012679518165122653
DNA,CTCP Điện Nước An Giang,UPCOM,0.0025336609634215804
DNC,CTCP Điện Nước Lắp máy Hải Phòng,HNX,0.0010471246501217299
DND,CTCP Đầu tư Xây dựng và Vật liệu Đồng Nai,UPCOM,0.00041995163203063194
DNH,CTCP Thủy điện Đa Nhim - Hàm Thuận - Đa Mi,UPCOM,0.02883028180743417
DNN,CTCP Cấp nước Đà Nẵng,UPCOM,1.4660921076788949e-05
DNP,CTCP DNP Holding,HNX,0.0056613007640161995
DNW,CTCP Cấp nước Đồng Nai,UPCOM,0.007878584836612985
DP1,CTCP Dược phẩm Trung ương CPC1,UPCOM,0.0015682615824832763
DP2,CTCP Dược phẩm Trung ương 2,UPCOM,0.00019595066038261583
DP3,CTCP Dược phẩm Trung ương 3,HNX,0.00245100016107992
DPC,CTCP Nhựa Đà Nẵng,UPCOM,2.9225884561705037e-05
DPG,CTCP Tập đoàn Đạt Phương,HOSE,0.005677340413054958
DPM,Tổng Công ty Phân bón và Hóa chất Dầu khí - CTCP,HOSE,0.026862890050800337
DPR,CTCP Cao su Đồng Phú,HOSE,0.0066056809651847005
DQC,CTCP Tập đoàn Điện Quang,HOSE,0.0006731364738837483
DRC,CTCP Cao su Đà Nẵng,HOSE,0.006633961300520621
DRG,CTCP Cao su Đắk Lắk,UPCOM,0.002376045247204433
DRH,CTCP DRH Holdings,HOSE,0.00045304217625398533
DRI,CTCP Đầu tư Cao su Đắk Lắk,UPCOM,0.0018013779328782328
DRL,CTCP Thủy điện - Điện Lực 3,HOSE,0.001056127104347939
DS3,CTCP Quản lý Đường sông Số 3,HNX,0.00010076642490958825
DSC,CTCP Chứng khoán DSC,HOSE,0.0067432459820298335
DSD,CTCP DHC Suối Đôi,UPCOM,0.0015073347228850235
DSE,CTCP Chứng khoán DNSE,HOSE,0.017148361772948147
DSG,CTCP Kính Đáp Cầu,UPCOM,0.00026265381717317576
DSN,CTCP Công viên nước Đầm Sen,HOSE,0.0012957003105109341
DSP,CTCP Dịch vụ Du lịch Phú Thọ,UPCOM,0.0035078181117884103
DST,CTCP Đầu tư Sao Thăng Long,HNX,0.0003458883704454995
DTA,CTCP Đệ Tam,HOSE,0.00013293212978556616
DTC,CTCP Viglacera Đông Triều,HNX,8.608663743345835e-05
DTD,CTCP Đầu tư Phát triển Thành Đạt,HNX,0.0030371072651394996
DTG,CTCP Dược phẩm Tipharco,HNX,0.0003507831043961027
DTI,CTCP Đầu tư Đức Trung,UPCOM,5.013630404961819e-05
DTK,Tổng Công ty Điện lực TKV - CTCP,HNX,0.018476914354981836
DTL,CTCP Đại Thiên Lộc,HOSE,0.0011992534168466967
DTP,CTCP Dược phẩm CPC1 Hà Nội,UPCOM,0.00435386987587213
DTT,CTCP Kỹ nghệ Đô Thành,HOSE,0.00032376619983089604
DVG,CTCP Đại Việt Group DVG,UPCOM,5.783588867510356e-05
DVM,CTCP Dược liệu Việt Nam,HNX,0.0006465566650995168
DVN,Tổng Công ty Dược Việt Nam - CTCP,UPCOM,0.011662419498435128
DVP,CTCP Đầu tư và Phát triển Cảng Đình Vũ,HOSE,0.006426810247641975
DWC,CTCP Cấp nước Đắk Lắk,UPCOM,0.00085764597574497
DWS,CTCP Cấp nước và Môi trường đô thị Đồng Tháp,UPCOM,0.0006173439277300152
DXG,CTCP Tập đoàn Đất Xanh,HOSE,0.02204903011899624
DXP,CTCP Cảng Đoạn Xá,HNX,0.0013553251790282752
DXS,CTCP Dịch vụ Bất động sản Đất Xanh,HOSE,0.008171965905556796
DXV,CTCP VICEM Vật liệu Xây dựng Đà Nẵng,HOSE,6.572255603681095e-05
DZM,CTCP Cơ điện Dzĩ An,UPCOM,2.261732129190546e-05
E12,CTCP Xây dựng Điện VNECO12,UPCOM,6.042849284786466e-06
EBS,CTCP Sách Giáo dục tại Thành phố Hà Nội,HNX,0.00020502398789002955
ECI,CTCP Tập Đoàn ECI,HNX,6.062957383009643e-05
ECO,CTCP Nhựa sinh thái Việt Nam,UPCOM,0.0006000933162313023
EIB,Ngân hàng TMCP Xuất nhập khẩu Việt Nam,HOSE,0.07052169255786293
EIC,CTCP EVN Quốc tế,UPCOM,0.0015605437545444085
EID,CTCP Đầu tư và Phát triển Giáo dục Hà Nội,HNX,0.0007805842110763468
EIN,CTCP Đầu tư - Thương mại - Dịch vụ Điện Lực,UPCOM,0.00020571519111247
ELC,CTCP Công Nghệ - Viễn Thông Elcom,HOSE,0.004387465347101342
EMS,Tổng Công ty Chuyển phát nhanh Bưu Điện - CTCP,UPCOM,0.0011248599989624848
EPH,CTCP Dịch vụ Xuất bản Giáo dục Hà Nội,UPCOM,7.039177701215013e-05
EVE,CTCP Everpia,HOSE,0.0008443262392488157
EVF,Công ty Tài chính Cổ phần Điện lực,HOSE,0.013570225517762368
EVG,CTCP Tập đoàn EverLand,HOSE,0.002622781162489944
EVS,CTCP Chứng khoán Everest,HNX,0.0018348148964150344
FCM,CTCP Khoáng sản FECON,HOSE,0.0002975429614426988
FCN,CTCP FECON,HOSE,0.004501461830134587
FCS,CTCP Lương thực Thành phố Hồ Chí Minh,UPCOM,0.0004194650913575714
FDC,CTCP Ngoại thương và  Phát triển Đầu tư Thành phố Hồ Chí Minh,HOSE,0.0012724943846724626
FGL,CTCP Cà phê Gia Lai,UPCOM,0.00028272485590718176
FHS,CTCP Phát hành Sách Thành phố Hồ Chí Minh,UPCOM,0.0008424802440004756
FIC,Tổng Công ty Vật liệu Xây dựng số 1 - CTCP,UPCOM,0.0036545093399731467
FID,CTCP Đầu tư và Phát triển Doanh nghiệp Việt Nam,HNX,6.465125821603085e-05
FIR,CTCP Địa ốc First Real,HOSE,0.0007229499954720843
FIT,CTCP Tập đoàn F.I.T,HOSE,0.0028062362773501183
FMC,CTCP Thực phẩm Sao Ta,HOSE,0.006021250704917177
FOC,CTCP Dịch vụ Trực tuyến FPT,UPCOM,0.002937098341289372
FOX,CTCP Viễn thông FPT,UPCOM,0.09371650132039736
FPC,CTCP Full Power,OTC,9.550352543549452e-05
FPT,CTCP FPT,HOSE,0.4401112160166704
FRT,CTCP Bán lẻ Kỹ thuật số FPT,HOSE,0.049600599943542996
FTM,CTCP Đầu tư và Phát triển Đức Quân,UPCOM,7.039177701215013e-05
FTS,CTCP Chứng khoán FPT,HOSE,0.025319100703756016
G36,Tổng Công ty 36 - CTCP,UPCOM,0.0013352355603261307
GAS,Tổng Công ty Khí Việt Nam - CTCP,HOSE,0.3129788745809729
GCF,CTCP Thực phẩm G.C,UPCOM,0.0014304534022228498
GDA,CTCP Tôn Đông Á,UPCOM,0.0061571477751904405
GDT,CTCP Chế biến Gỗ Đức Thành,HOSE,0.0012464807744520597
GDW,CTCP Cấp nước Gia Định,HNX,0.0005491831127396839
GEE,CTCP Điện lực Gelex,HOSE,0.020179431691813295
GEG,CTCP Điện Gia Lai,HOSE,0.008427317280852588
GEX,CTCP Tập đoàn GELEX,HOSE,0.03219602313518464
GGG,CTCP Ô tô Giải Phóng,UPCOM,0.00010146430295998012
GHC,CTCP Thủy điện Gia Lai,UPCOM,0.002610114471812718
GIC,CTCP Đầu tư Dịch vụ và Phát triển Xanh,HNX,0.00036522757745663555
GIL,CTCP Sản xuất Kinh doanh và Xuất nhập khẩu Bình Thạnh,HOSE,0.004137717473096891
GKM,CTCP GKM Holdings,HNX,0.0002817641026777359
GLW,CTCP Cấp thoát nước Gia Lai,UPCOM,0.00047924289098722904
GMA,CTCP G-Automobile,HNX,0.0025305610211200287
GMC,CTCP Garmex Sài Gòn,UPCOM,0.00041211105556933803
GMD,CTCP Gemadept,HOSE,0.05294572148550331
GMH,CTCP Minh Hưng Quảng Trị,HOSE,0.0002414951834676996
GMX,CTCP Gạch ngói Gốm Xây dựng Mỹ Xuân,HNX,0.00031095498161894304
GPC,CTCP Tập đoàn Green+,UPCOM,0.0003101630013053658
GSM,CTCP Thủy điện Hương Sơn,UPCOM,0.0013367472849658245
GSP,CTCP Vận tải Sản Phẩm Khí Quốc tế,HOSE,0.0017078650632005102
GTA,CTCP Chế biến gỗ Thuận An,HOSE,0.00019248209622950674
GTS,CTCP Công trình Giao thông Sài Gòn,UPCOM,0.0006013634769581652
GVR,Tập đoàn Công nghiệp Cao su Việt Nam - CTCP,HOSE,0.23816142436825774
HAC,CTCP Chứng khoán Hải Phòng,UPCOM,0.0005757646699313663
HAD,CTCP Bia Hà Nội - Hải Dương,HNX,0.00011747635827607478
HAF,CTCP Thực phẩm Hà Nội,UPCOM,0.00048689413544261684
HAG,CTCP Hoàng Anh Gia Lai,HOSE,0.024989242047796907
HAH,CTCP Vận tải và Xếp dỡ Hải An,HOSE,0.011775781522229044
HAN,Tổng Công ty Xây dựng Hà Nội - CTCP,UPCOM,0.00275907831578646
HAP,CTCP Tập đoàn Hapaco,HOSE,0.0009626498240806664
HAR,CTCP Đầu tư Thương mại Bất động sản An Dương Thảo Điền,HOSE,0.0006245290040297265
HAS,CTCP Hacisco,HOSE,0.00011127688840965802
HAT,CTCP Thương mại Bia Hà Nội,HNX,0.00024863379454457635
HAX,CTCP Dịch vụ Ô tô Hàng Xanh,HOSE,0.003564661351059698
HBC,CTCP Tập đoàn Xây dựng Hòa Bình,UPCOM,0.00428337022455296
HBH,CTCP Habeco - Hải Phòng,UPCOM,0.00016142196745573778
HBS,CTCP Chứng khoán Hòa Bình,HNX,0.0003933132869102301
HC3,CTCP Xây dựng Số 3 Hải Phòng,UPCOM,0.0011282255185094978
HCC,CTCP Bê tông Hòa Cầm - Intimex,HNX,0.00015305207927632044
HCD,CTCP Đầu tư Sản xuất và Thương mại HCD,HOSE,0.0006328875965003871
HCM,CTCP Chứng khoán Thành phố Hồ Chí Minh,HOSE,0.041518852045299516
HCT,CTCP Thương mại Dịch vụ Vận tải Xi măng Hải Phòng,HNX,4.453041478526409e-05
HD6,CTCP Đầu tư và Phát triển Nhà Số 6 Hà Nội,UPCOM,0.0003627085523590156
HD8,CTCP Đầu tư Phát triển Nhà và Đô thị HUD8,UPCOM,0.00015082793667135473
HDA,CTCP Hãng sơn Đông Á,HNX,0.00019767684901202264
HDB,Ngân hàng TMCP Phát triển Thành phố Hồ Chí Minh,HOSE,0.1748406054742494
HDC,CTCP Phát triển Nhà Bà Rịa - Vũng Tàu,HOSE,0.008757088754314378
HDG,CTCP Tập đoàn Hà Đô,HOSE,0.018797202160379983
HDM,CTCP Dệt may Huế,UPCOM,0.0012772049933871044
HDW,CTCP Kinh doanh Nước sạch Hải Dương,UPCOM,0.0008300722601043244
HEV,CTCP Sách Đại học - Dạy nghề,HNX,3.4882155308940305e-05
HFT,CTCP Chứng khoán Pinetree,OTC,0.0013191141092824847
HGM,CTCP Cơ khí và Khoáng sản Hà Giang,HNX,0.005697156186655357
HGT,CTCP Du lịch Hương Giang,UPCOM,0.00039213641564896844
HHC,CTCP Bánh kẹo Hải Hà,HNX,0.004200307920411903
HHG,CTCP Hoàng Hà,UPCOM,0.00010145615595412118
HHP,CTCP HHP Global,HOSE,0.0013928276300312395
HHS,CTCP Đầu tư Dịch vụ Hoàng Huy,HOSE,0.0053486829703205
HHV,CTCP Đầu tư Hạ tầng Giao thông Đèo Cả,HOSE,0.009871394422053358
HII,CTCP An Tiến Industries,HOSE,0.0006350152070031144
HIO,CTCP Helio Energy,UPCOM,0.0003833080566619827
HJC,CTCP Hòa Việt,UPCOM,0.00013816944632327594
HJS,CTCP Thủy điện Nậm Mu,HNX,0.0014338759096118668
HKB,CTCP Nông nghiệp và Thực phẩm Hà Nội - Kinh Bắc,UPCOM,5.265658355895733e-05
HKT,CTCP Đầu tư QP Xanh,HNX,9.061310933717913e-05
HLC,CTCP Than Hà Lầm - Vinacomin,HNX,0.0006052077762659461
HLD,CTCP Đầu tư và Phát triển Bất động sản HUDLAND,HNX,0.0010210282026242089
HLG,CTCP Tập đoàn Hoàng Long,OTC,0.0007294106723500782
HLY,CTCP Gốm Xây Dựng Yên Hưng,UPCOM,2.4285049312843463e-05
HMC,CTCP Kim khí Thành phố Hồ Chí Minh - VNSTEEL,HOSE,0.0006747910175352824
HMH,CTCP Hải Minh,HNX,0.0003498320717784586
HMR,CTCP Đá Hoàng Mai,HNX,0.00011633969175401144
HNA,CTCP Thủy điện Hủa Na,HOSE,0.011529219670361426
HND,CTCP Nhiệt điện Hải Phòng,UPCOM,0.012645898689585355
HNF,CTCP Thực phẩm Hữu Nghị,UPCOM,0.0017752459902767546
HNG,CTCP Nông nghiệp Quốc tế Hoàng Anh Gia Lai,UPCOM,0.013258348946691562
HNI,CTCP May Hữu Nghị,UPCOM,0.0011115370243223468
HNM,CTCP Sữa Hà Nội,UPCOM,0.0008368502856867367
HNR,CTCP Rượu và Nước giải khát Hà Nội,UPCOM,0.00046276328754485537
HOM,CTCP Xi măng VICEM Hoàng Mai,HNX,0.0005145398565524607
HPD,CTCP Thủy điện ĐăK Đoa,UPCOM,0.0003455481902314404
HPG,CTCP Tập đoàn Hòa Phát,HOSE,0.3344102889747282
HPI,CTCP Khu công nghiệp Hiệp Phước,UPCOM,0.00213426592241418
HPW,CTCP Cấp nước Hải Phòng,UPCOM,0.002495952740929254
HPX,CTCP Đầu tư Hải Phát,HOSE,0.002778671923281724
HQC,CTCP Tư vấn Thương mại Dịch vụ Địa Ốc Hoàng Quân,HOSE,0.003532591129849664
HRC,CTCP Cao su Hòa Bình,HOSE,0.0024216221448628505
HSG,CTCP Tập đoàn Hoa Sen,HOSE,0.022469161943425093
HSL,CTCP Đầu tư Phát triển Thực phẩm Hồng Hà,HOSE,0.00029986862152422305
HSM,Tổng Công ty cổ phần Dệt may Hà Nội,UPCOM,0.00020909510598546147
HSP,CTCP Sơn Tổng hợp Hà Nội,UPCOM,0.0002750626289732142
HSV,CTCP Tập đoàn HSV Việt Nam,UPCOM,0.00011242452917049946
HT1,CTCP Xi Măng Vicem Hà Tiên,HOSE,0.008750830547217578
HTC,CTCP Thương mại Hóc Môn,HNX,0.001001881314547103
HTE,CTCP Đầu tư Kinh doanh Điện lực Thành phố Hồ Chí Minh,UPCOM,0.00016068632384364287
HTG,Tổng Công ty cổ phần Dệt may Hòa Thọ,HOSE,0.003382262336000308
HTI,CTCP Đầu tư Phát triển Hạ tầng IDICO,HOSE,0.00079464460873338
HTL,CTCP Kỹ thuật và Ô tô Trường Long,HOSE,0.0006805294758905068
HTM,Tổng Công ty Thương mại Hà Nội - CTCP,UPCOM,0.00473871932242186
HTN,CTCP Hưng Thịnh Incons,HOSE,0.0017752212555691023
HTP,CTCP In Sách Giáo khoa Hòa Phát,UPCOM,0.0004962206963839563
HTT,CTCP Thương mại Hà Tây,UPCOM,5.077320148551487e-05
HTV,CTCP Logistics Vicem,HOSE,0.00023614519792158615
HU1,CTCP Đầu tư và Xây dựng HUD1,HOSE,9.981964030210303e-05
HU4,CTCP Đầu tư và Xây dựng HUD4,UPCOM,0.00039507920197796376
HUB,CTCP Xây lắp Thừa Thiên Huế,HOSE,0.0009309244028864751
HUG,Tổng Công ty May Hưng Yên - CTCP,UPCOM,0.001301044427748736
HUT,CTCP Tasco,HNX,0.027657422637075088
HVA,CTCP Đầu tư HVA,UPCOM,0.00016062741514690903
HVH,CTCP Đầu tư và Công nghệ HVC,HOSE,0.0007677815130155591
HVN,Tổng Công ty Hàng không Việt Nam - CTCP,HOSE,0.12445685550795733
HVT,CTCP Hóa chất Việt Trì,HNX,0.0024472605196137003
HVX,CTCP Xi măng VICEM Hải Vân,HOSE,0.00020373070078633595
HWS,CTCP Cấp nước Huế,UPCOM,0.002889135149967917
ICF,CTCP Đầu tư Thương mại Thủy sản,UPCOM,7.734420780727914e-05
ICG,CTCP Xây dựng Sông Hồng,HNX,0.0002470233056795949
ICN,CTCP Đầu tư Xây dựng Dầu khí IDICO,UPCOM,0.0024972831314677268
ICT,CTCP Viễn thông - Tin học Bưu điện,HOSE,0.0008538110346939011
IDC,Tổng Công ty IDICO – CTCP,HNX,0.03605281339185583
IDI,CTCP Đầu tư và Phát triển Đa Quốc Gia - IDI,HOSE,0.004402587318318297
IDJ,CTCP Đầu tư IDJ Việt Nam,HNX,0.002000059443061216
IDP,CTCP Sữa Quốc tế Lof,UPCOM,0.029031668533394363
IDV,CTCP Phát triển Hạ tầng Vĩnh Phúc,HNX,0.0026651811255711364
IFS,CTCP Thực phẩm Quốc tế,UPCOM,0.004522309711489294
IJC,CTCP Phát triển Hạ tầng Kỹ thuật,HOSE,0.01025599347907787
ILA,CTCP ILA,UPCOM,0.0001691724477669689
ILB,CTCP ICD Tân Cảng - Long Bình,HOSE,0.0016455225306255064
ILS,CTCP Đầu tư Thương mại và Dịch vụ Quốc tế,UPCOM,0.0010301324917751473
IMP,CTCP Dược phẩm Imexpharm,HOSE,0.0141926688029514
INC,CTCP Tư vấn Đầu tư IDICO,HNX,0.00010648995598115902
ING,CTCP  Đầu tư và Phát triển Xây dựng,UPCOM,0.00032668797741210284
INN,CTCP Bao bì và In Nông nghiệp,HNX,0.0019117951996572415
IPA,CTCP Tập đoàn Đầu tư I.P.A,HNX,0.00498414990444517
IRC,CTCP Cao su Công nghiệp,UPCOM,0.000290610287298631
ISH,CTCP Thủy điện Srok Phu Miêng IDICO,UPCOM,0.0023049475294959067
IST,CTCP ICD Tân Cảng Sóng Thần,UPCOM,0.0010607536737553404
ITA,CTCP Đầu tư và Công nghiệp Tân Tạo,UPCOM,0.0043179226564466905
ITC,CTCP Đầu tư và Kinh doanh Nhà,HOSE,0.0020434162897647796
ITQ,CTCP Tập đoàn Thiên Quang,HNX,0.00015434474878725648
ITS,CTCP Đầu tư Thương mại và Dịch vụ - Vinacomin,UPCOM,0.00019436882170059043
IVS,CTCP Chứng khoán Guotai Junan (Việt Nam),HNX,0.001406887616188651
JOS,CTCP Chế biến Thủy sản xuất khẩu Minh Hải,UPCOM,2.1430013929392484e-05
JVC,CTCP Thiết bị Y tế Việt Nhật,HOSE,0.0008306128534843045
KBC,Tổng Công ty Phát triển Đô thị Kinh Bắc - CTCP,HOSE,0.040953245949111164
KDC,CTCP Tập đoàn KIDO,HOSE,0.033195746130390454
KDH,CTCP Đầu tư và Kinh doanh Nhà Khang Điền,HOSE,0.07160412564943563
KDM,CTCP Tập Đoàn GCL,HNX,0.00022889416828704093
KGM,CTCP Xuất nhập khẩu Kiên Giang,UPCOM,0.00034114773785524346
KHG,CTCP Tập đoàn Khải Hoàn Land,HOSE,0.004885507049965432
KHP,CTCP Điện lực Khánh Hòa,HOSE,0.0015732326530959963
KHS,CTCP Kiên Hùng,HNX,0.00031214771940316175
KHW,CTCP Cấp thoát nước Khánh Hòa,UPCOM,0.0017256892260108805
KKC,CTCP Tập Đoàn Thành Thái,HNX,5.312526465797296e-05
KLB,Ngân hàng TMCP Kiên Long,UPCOM,0.008076523333465977
KMR,CTCP Mirae,HOSE,0.00035457247944174633
KMT,CTCP Kim khí Miền Trung,HNX,0.00017929772957206495
KOS,CTCP KOSY,HOSE,0.01632184556789826
KPF,CTCP Đầu tư tài sản Koji,HOSE,0.0001853663023799476
KSB,CTCP Khoáng sản và Xây dựng Bình Dương,HOSE,0.004156805084138508
KSD,CTCP Đầu tư DNA,HNX,0.00010256624087583197
KSF,CTCP Tập đoàn Sunshine,HNX,0.023828486739767455
KSH,CTCP DAMAC GLS,UPCOM,3.704779100559899e-05
KSQ,CTCP CNC Capital Việt Nam,HNX,0.00016848465464532647
KST,CTCP KASATI,HNX,0.000147089938849393
KSV,Tổng Công ty Khoáng sản TKV - CTCP,HNX,0.041975669101905075
KTC,CTCP Thương mại Kiên Giang,UPCOM,0.0007933498800567567
KTL,CTCP Kim Khí Thăng Long,UPCOM,0.0005569324500727047
KTS,CTCP Đường Kon Tum,HNX,0.00040967542216978044
KVC,CTCP Sản xuất Xuất nhập khẩu Inox Kim Vĩ,UPCOM,0.00014729659307656038
L10,CTCP Lilama 10,HOSE,0.00038373181789335797
L14,CTCP Licogi 14,HNX,0.002183522678245986
L18,CTCP Đầu tư và Xây dựng Số 18,HNX,0.0029307399695933625
L35,CTCP Cơ khí Lắp máy Lilama,UPCOM,3.1633242689284955e-05
L40,CTCP Đầu Tư và Xây dựng 40,HNX,0.00023204883935162471
LAF,CTCP Chế biến hàng Xuất khẩu Long An,HOSE,0.0005446087505198023
LAS,CTCP Supe Phốt phát và Hóa chất Lâm Thao,HNX,0.004730052542022911
LAW,CTCP Cấp thoát nước Long An,UPCOM,0.0006620880148954698
LBE,CTCP Thương mại và Dịch vụ LVA,HNX,8.412173703973064e-05
LBM,CTCP Khoáng sản và Vật liệu Xây dựng Lâm Đồng,HOSE,0.0022127402245207205
LCD,CTCP Lắp máy - Thí nghiệm Cơ điện,HNX,5.577359676781776e-05
LCG,CTCP Lizen,HOSE,0.0039126703934867
LCM,CTCP Khai thác và Chế biến khoáng sản Lào Cai,UPCOM,4.507614352357397e-05
LDG,CTCP Đầu tư LDG,HOSE,0.0009368850267975143
LDP,CTCP Dược Lâm Đồng (Ladophar),HNX,0.0002461192365966038
LDW,CTCP Cấp thoát nước Lâm Đồng,UPCOM,0.0023881302897288403
LEC,CTCP Bất động sản Điện lực Miền Trung,HOSE,0.0002873673367640782
LGC,CTCP Đầu tư Cầu đường CII,HOSE,0.025871302161021736
LGL,CTCP Đầu tư và Phát triển Đô thị Long Giang,HOSE,0.00024954391007254474
LHC,CTCP Đầu tư và Xây dựng Thủy lợi Lâm Đồng,HNX,0.0020259713855071532
LHG,CTCP Long Hậu,HOSE,0.0034750510786602344
LIC,Tổng Công ty LICOGI - CTCP,UPCOM,0.005748007534420396
LIG,CTCP Licogi 13,HNX,0.0005464600211050085
LIX,CTCP Bột Giặt Lix,HOSE,0.004250717850227592
LKW,CTCP Cấp nước Long Khánh,UPCOM,0.0001488660791186912
LLM,Tổng Công ty Lắp máy Việt Nam - CTCP,UPCOM,0.0026039855048288004
LM8,CTCP Lilama 18,HOSE,0.0002405774402375665
LMH,CTCP Quốc Tế Holding,UPCOM,3.717163424453965e-05
LO5,CTCP Lilama 5,UPCOM,0.0
LPB,Ngân hàng TMCP Lộc Phát Việt Nam,HOSE,0.15679438880446248
LPT,CTCP Thương mại và Sản xuất Lập Phương Thành,UPCOM,0.00013317121869738297
LSG,CTCP Bất động sản Sài Gòn Vina,UPCOM,0.0019518131700164722
M10,Tổng Công ty May 10 - CTCP,UPCOM,0.001580324216670717
MAC,CTCP Cung ứng và Dịch vụ Kỹ thuật Hàng Hải,HNX,0.0006008089479154312
MAS,CTCP Dịch vụ Hàng không Sân bay Đà Nẵng,HNX,0.0003092384890781187
MBB,Ngân hàng TMCP Quân Đội,HOSE,0.26128924062414344
MBG,CTCP Tập đoàn MBG,HNX,0.0007702279221139106
MBS,CTCP Chứng khoán MB,HNX,0.03213026762955405
MCC,CTCP Gạch ngói Cao cấp,HNX,0.00011419328775456999
MCF,CTCP Xây lắp Cơ khí và Lương thực Thực phẩm,HNX,0.0001758753459762595
MCG,CTCP Năng lượng và Bất động sản MCG,UPCOM,0.0001859353775762685
MCH,CTCP Hàng tiêu dùng Masan,UPCOM,0.3625091288956904
MCM,CTCP Giống Bò sữa Mộc Châu,HOSE,0.007394006021105095
MCO,CTCP Đầu tư và Xây dựng BDC Việt Nam,HNX,7.404098076890679e-05
MCP,CTCP In và Bao bì Mỹ Châu,HOSE,0.0011010555262757416
MDC,CTCP Than Mông Dương - Vinacomin,HNX,0.0004079129391756493
MDF,CTCP Gỗ MDF VRG - Quảng Trị,UPCOM,0.0006514801127972606
MDG,CTCP Miền Đông,HOSE,0.00024308876975275036
MED,CTCP Dược Trung ương Mediplantex,HNX,0.0006249304328480226
MEL,CTCP Thép Mê Lin,HNX,0.0001890841589482935
MES,CTCP Cơ điện Công trình,UPCOM,0.00035682297970102497
MGR,CTCP Tập đoàn MGROUP,UPCOM,0.0001488660791186912
MH3,CTCP Khu Công nghiệp Cao su Bình Long,UPCOM,0.001583376321626262
MHC,CTCP MHC,HOSE,0.0005305010803747888
MIE,Tổng Công ty Máy và Thiết bị Công nghiệp - CTCP,UPCOM,0.0018026036033842593
MIG,Tổng Công ty cổ phần Bảo hiểm Quân Đội,HOSE,0.005920197319495733
MKP,CTCP Hoá - Dược phẩm Mekophar,UPCOM,0.0014047380059254112
MKV,CTCP Dược thú Y Cai Lậy,HNX,8.804849498612188e-05
MML,CTCP Masan MeatLife,UPCOM,0.015291554735679058
MNB,Tổng Công ty May Nhà Bè - CTCP,UPCOM,0.0009924648267640077
MPC,CTCP Tập đoàn Thủy sản Minh Phú,UPCOM,0.011790674955011732
MPT,CTCP Tập đoàn MPT,UPCOM,1.5410748134246583e-05
MSB,Ngân hàng TMCP Hàng hải Việt Nam,HOSE,0.059416582745083824
MSH,CTCP May Sông Hồng,HOSE,0.0076446003642509745
MSN,CTCP Tập đoàn Masan,HOSE,0.19752078629871284
MSR,CTCP Masan High-Tech Materials,UPCOM,0.025221637913558803
MST,CTCP Đầu tư MST,HNX,0.001035684758567943
MTA,Tổng Công ty Khoáng sản và Thương mại Hà Tĩnh -  CTCP,UPCOM,0.002065778404386433
MTS,CTCP Vật tư - TKV,UPCOM,0.0002714821761601616
MVB,Tổng Công ty Công nghiệp mỏ Việt Bắc TKV - CTCP,HNX,0.003905823292469345
MVC,CTCP Vật liệu và Xây dựng Bình Dương,UPCOM,0.0018556821499359593
MVN,Tổng Công ty Hàng hải Việt Nam - CTCP,UPCOM,0.12977350068749524
MWG,CTCP Đầu tư Thế giới Di động,HOSE,0.17489257131993854
MZG,CTCP Miza,UPCOM,0.0017165767665079782
NAB,Ngân hàng TMCP Nam Á,HOSE,0.041376677344264465
NAF,CTCP Nafoods Group,HOSE,0.0021633871304966765
NAG,CTCP Tập đoàn Nagakawa,HNX,0.0007160781063845508
NAP,CTCP Cảng Nghệ Tĩnh,HNX,0.000376061975028371
NAV,CTCP Nam Việt,HOSE,0.00029482752375984225
NAW,CTCP Cấp nước Nghệ An,UPCOM,0.0005713506624927807
NBB,CTCP Đầu tư Năm Bảy Bảy,HOSE,0.004432800531549569
NBC,CTCP Than Núi Béo - Vinacomin,HNX,0.0006597179748298851
NBP,CTCP Nhiệt điện Ninh Bình,HNX,0.00032508914904367137
NBT,CTCP Cấp thoát nước Bến Tre,UPCOM,0.0010589717977993014
NBW,CTCP Cấp nước Nhà Bè,HNX,0.0006419985935561953
NCG,CTCP Tập đoàn Nova Consumer,UPCOM,0.001777915823364448
NCS,CTCP Suất ăn Hàng không Nội Bài,UPCOM,0.0009003827236141178
NCT,CTCP Dịch vụ Hàng hóa Nội Bài,HOSE,0.005905529641389161
ND2,CTCP Đầu tư và Phát triển Điện Miền Bắc 2,UPCOM,0.0037091884366194663
NDN,CTCP Đầu tư Phát triển Nhà Đà Nẵng,HNX,0.0012571614414545256
NDT,Tổng Công ty cổ phần Dệt May Nam Định,UPCOM,0.00014533450010099054
NDW,CTCP Cấp nước Nam Định,UPCOM,0.00045525630082954413
NDX,CTCP Xây lắp Phát triển Nhà Đà Nẵng,HNX,8.784552257702359e-05
NED,CTCP Đầu tư và Phát triển Điện Tây Bắc,UPCOM,0.0005481040910857188
NET,CTCP Bột giặt NET,HNX,0.003384272237090207
NFC,CTCP Phân lân Ninh Bình,HNX,0.0005134935769277495
NHA,Tổng Công ty Đầu tư Phát triển Nhà và Đô thị Nam Hà Nội,HOSE,0.002392513479720431
NHC,CTCP Gạch ngói Nhị Hiệp,HNX,0.00016913951759557592
NHH,CTCP Nhựa Hà Nội,HOSE,0.0018721068213668583
NHT,CTCP Sản xuất và Thương mại Nam Hoa,HOSE,0.0004910909387650455
NKG,CTCP Thép Nam Kim,HOSE,0.00894822308697204
NLG,CTCP Đầu tư Nam Long,HOSE,0.02758272985081283
NNC,CTCP Đá Núi Nhỏ,HOSE,0.0010025095374336448
NO1,CTCP Tập đoàn 911,HOSE,0.0005027851816191914
NOS,CTCP Vận tải biển và Thương mại Phương Đông,UPCOM,1.873244292250518e-05
NQB,CTCP Cấp nước Quảng Bình,UPCOM,0.00026234312171627546
NQN,CTCP Nước sạch Quảng Ninh,UPCOM,0.0013681134309509735
NQT,CTCP Nước sạch Quảng Trị,UPCOM,0.0002959716251334729
NRC,CTCP Tập Đoàn Danh Khôi,HNX,0.0009002355686028075
NS2,CTCP Nước sạch Số 2 Hà Nội,UPCOM,0.0019754339349505406
NSC,CTCP Tập đoàn Giống cây trồng Việt Nam,HOSE,0.0027467653611311874
NSH,CTCP Tập Đoàn Nhôm Sông Hồng Shalumi,HNX,0.00017054680784928328
NST,CTCP Ngân Sơn,HNX,0.0002204755104869077
NT2,CTCP Điện lực Dầu khí Nhơn Trạch 2,HOSE,0.01182388588303251
NTC,CTCP Khu Công nghiệp Nam Tân Uyên,UPCOM,0.010020924926608383
NTH,CTCP Thủy điện Nước Trong,HNX,0.0011574823843333029
NTL,CTCP Phát triển Đô thị Từ Liêm,HOSE,0.004383204376323009
NTP,CTCP Nhựa Thiếu niên Tiền Phong,HNX,0.016261251724300745
NTT,CTCP Dệt - May Nha Trang,UPCOM,0.000393019251547667
NTW,CTCP Cấp nước Nhơn Trạch,UPCOM,0.0003450518343850439
NVB,Ngân hàng TMCP Quốc Dân,HNX,0.020501630468887647
NVL,CTCP Tập đoàn Đầu tư Địa ốc No Va,HOSE,0.039206647467582456
NVT,CTCP Bất động sản Du lịch Ninh Vân Bay,HOSE,0.0013590379104791875
OCB,Ngân hàng TMCP Phương Đông,HOSE,0.05513972608575333
OCH,CTCP One Capital Hospitality,HNX,0.002149960782835488
OGC,CTCP Tập đoàn Đại Dương,HOSE,0.0024932858462137107
OIL,Tổng Công ty Dầu Việt Nam - CTCP,UPCOM,0.02434004894405468
ONE,CTCP Công nghệ One,HNX,7.08972609893677e-05
OPC,CTCP Dược phẩm OPC,HOSE,0.003133385630531505
ORS,CTCP Chứng khoán Tiên Phong,HOSE,0.009253447525546242
PAC,CTCP Pin Ắc quy Miền Nam,HOSE,0.0038849135967106824
PAN,CTCP Tập đoàn PAN,HOSE,0.009725183871138014
PAP,CTCP Dầu khí Đầu tư Khai thác Cảng Phước An,UPCOM,0.011825842232572001
PAS,CTCP Quốc tế Phương Anh,UPCOM,0.00015700759962391977
PAT,CTCP Phốt Pho Apatit Việt Nam,UPCOM,0.0042736715835937555
PBC,CTCP Dược phẩm Trung Ương 1- Pharbaco,UPCOM,0.001525637527243297
PBP,CTCP Bao bì Dầu khí Việt Nam,HNX,0.00011432504218409178
PBT,CTCP Bao bì và Thương mại dầu khí Bình Sơn,UPCOM,0.0002669272765481312
PC1,CTCP Tập Đoàn PC1,HOSE,0.016059539798674576
PCE,CTCP Phân bón và Hóa chất Dầu khí Miền Trung,HNX,0.00033916626172705324
PCF,CTCP Cà phê PETEC,UPCOM,2.3111009992959147e-05
PCH,CTCP Nhựa Picomat,HNX,0.0005948738781799442
PCT,CTCP Vận tải biển Global Pacific,HNX,0.0012483976008997597
PDB,CTCP Tập đoàn Đầu tư Din Capital,HNX,0.00017021463279878198
PDC,CTCP Du lịch Dầu khí Phương Đông,UPCOM,0.00014494236401336414
PDN,CTCP Cảng Đồng Nai,HOSE,0.007622778897352756
PDR,CTCP Phát triển Bất động sản Phát Đạt,HOSE,0.03545053032869855
PDV,CTCP Vận Tải Và Tiếp Vận Phương Đông Việt,UPCOM,0.0022352235275956743
PEG,Tổng Công ty Thương mại Kỹ thuật và Đầu tư - CTCP,UPCOM,0.003586043375893402
PEN,CTCP Xây lắp III Petrolimex,HNX,5.077320148551487e-05
PET,Tổng Công ty cổ phần Dịch vụ Tổng hợp Dầu khí,HOSE,0.0052576639861838205
PFL,CTCP Dầu khí Đông Đô,UPCOM,0.00019791251793527934
PGB,Ngân hàng TMCP Thịnh vượng và Phát triển,UPCOM,0.01259881410832143
PGC,Tổng Công ty Gas Petrolimex - CTCP,HOSE,0.0018563565163987898
PGD,CTCP Phân phối khí thấp áp Dầu khí Việt Nam,HOSE,0.0061486478011413504
PGI,Tổng Công ty cổ phần Bảo hiểm Petrolimex,HOSE,0.004952370217917938
PGN,CTCP Phụ Gia Nhựa,HNX,0.0002685911811048849
PGS,CTCP Kinh doanh Khí Miền Nam,HNX,0.003209286256466953
PGT,CTCP PGT Holdings,HNX,0.00011702204484084606
PGV,Tổng Công ty Phát điện 3 - CTCP,HOSE,0.0446246239671356
PHC,CTCP Xây dựng Phục Hưng Holdings,HOSE,0.000554695357285271
PHH,CTCP Hồng Hà Việt Nam,UPCOM,0.00021207712946551003
PHN,CTCP Pin Hà Nội,HNX,0.0011161775413598327
PHP,CTCP Cảng Hải Phòng,UPCOM,0.026804483393414236
PHR,CTCP Cao su Phước Hòa,HOSE,0.014134080123636822
PHS,CTCP Chứng khoán Phú Hưng,UPCOM,0.003994293564464113
PIA,CTCP Tin học Viễn thông Petrolimex,HNX,0.00019697082631000087
PIC,CTCP Đầu tư Điện lực 3,HNX,0.001280457379083185
PIS,Tổng Công ty Pisico Bình Định - CTCP,UPCOM,0.0005907744928561506
PIT,CTCP Xuất nhập khẩu Petrolimex,HOSE,0.00013883683916724983
PIV,CTCP PIV,UPCOM,9.048577301086594e-05
PJC,CTCP Thương mại và Vận tải Petrolimex Hà Nội,HNX,0.00038002242984008674
PJT,CTCP Vận tải Xăng dầu đường Thủy Petrolimex,HOSE,0.0005166946315038007
PLC,Tổng Công ty Hóa dầu Petrolimex - CTCP,HNX,0.0035426157330096355
PLP,CTCP Sản xuất và Công nghệ Nhựa Pha Lê,HOSE,0.0006346206043896984
PLX,Tập đoàn Xăng Dầu Việt Nam,HOSE,0.09346895394704487
PMB,CTCP Phân bón và Hóa chất  Dầu khí Miền Bắc,HNX,0.00021086077778285865
PMC,CTCP Dược phẩm Dược liệu Pharmedic,HNX,0.0018960720727923144
PMG,CTCP Đầu tư và Sản xuất Petro Miền Trung,HOSE,0.0007382489777194331
PMP,CTCP Bao bì đạm Phú Mỹ,HNX,0.00010315479814163103
PMS,CTCP Cơ khí Xăng dầu,HNX,0.0004426278151308758
PMW,CTCP Cấp nước Phú Mỹ,UPCOM,0.0035232492043854777
PNC,CTCP Văn hóa Phương Nam,HOSE,0.0003658642888103434
PND,CTCP Xăng dầu Dầu khí Nam Định,UPCOM,7.823919859063101e-05
PNJ,CTCP Vàng bạc Đá quý Phú Nhuận,HOSE,0.0648919716861741
PNP,CTCP Tân Cảng - Phú Hữu,UPCOM,0.0007152347359971247
POB,CTCP Xăng dầu Dầu khí Thái Bình,UPCOM,0.001078237238966457
POS,"CTCP Dịch vụ Lắp đặt, Vận hành và Bảo dưỡng Công trình Dầu khí Biển PTSC",UPCOM,0.0015064715055618516
POT,CTCP Thiết bị Bưu điện,HNX,0.0005751367064023929
POV,CTCP Xăng dầu Dầu khí Vũng Áng,UPCOM,0.0002003583696699001
POW,Tổng Công ty Điện lực Dầu khí Việt Nam - CTCP,HOSE,0.05512493930484421
PPC,CTCP Nhiệt điện Phả Lại,HOSE,0.0070052356023230814
PPE,CTCP Tư vấn đầu tư PP Enterprise,HNX,4.253339976432806e-05
PPH,Tổng Công ty cổ phần Phong Phú,UPCOM,0.004503921940257529
PPP,CTCP Dược phẩm Phong Phú,HNX,0.00029749609478457186
PPS,CTCP Dịch vụ Kỹ thuật Điện lực Dầu khí Việt Nam,HNX,0.00032739511641107215
PPT,CTCP Petro Times,HNX,0.0004665434739363727
PPY,CTCP Xăng dầu Dầu khí Phú Yên,HNX,0.0001660671615616295
PQN,CTCP Dịch vụ Dầu khí Quảng Ngãi PTSC,UPCOM,0.00022734038122523224
PRC,CTCP Logistics Portserco,HNX,3.806036454425522e-05
PRE,Tổng Công ty cổ phần Tái bảo hiểm Hà Nội,HNX,0.0040473124591674375
PRT,Tổng Công ty Sản xuất - Xuất nhập khẩu Bình Dương - CTCP,UPCOM,0.00558321149999666
PSB,CTCP Đầu tư Dầu khí Sao Mai - Bến Đình,UPCOM,0.0006000933162313023
PSC,CTCP Vận tải và Dịch vụ Petrolimex Sài Gòn,HNX,0.00014870913051447812
PSD,CTCP Dịch vụ Phân phối Tổng hợp Dầu khí,HNX,0.0013340795526351988
PSE,CTCP Phân Bón và Hóa Chất Dầu khí Đông Nam Bộ,HNX,0.00023469734704772047
PSH,CTCP Thương mại Đầu tư Dầu khí Nam Sông Hậu,HOSE,0.0007889548522166927
PSI,CTCP Chứng khoán Dầu khí,HNX,0.0008841582832887587
PSN,CTCP Dịch Vụ Kỹ Thuật PTSC Thanh Hóa,UPCOM,0.0007766604959710198
PSP,CTCP Cảng Dịch vụ Dầu khí Đình Vũ,UPCOM,0.0010199308325012971
PSW,CTCP Phân bón và Hóa chất Dầu khí Tây Nam Bộ,HNX,0.0002720707334259607
PTB,CTCP Phú Tài,HOSE,0.00882999652810083
PTC,CTCP Đầu Tư Icapital,HOSE,0.00027927445698552433
PTD,CTCP Thiết kế Xây dựng Thương mại Phúc Thịnh,HNX,7.52953036159327e-05
PTE,CTCP Xi măng Phú Thọ,UPCOM,5.6174382096836574e-05
PTI,Tổng Công ty cổ phần Bảo hiểm Bưu điện,HNX,0.005670014915427615
PTL,CTCP Victory Group,HOSE,0.000529184469688343
PTS,CTCP Vận tải và Dịch vụ Petrolimex Hải Phòng,HNX,7.384464630483794e-05
PTT,CTCP Vận tải Dầu khí Đông Dương,UPCOM,0.0003478472695169737
PTV,CTCP Thương mại Dầu khí,UPCOM,0.0001488660791186912
PTX,CTCP Vận tải và Dịch vụ Petrolimex Nghệ Tĩnh,HNX,0.0002165455806092253
PV2,CTCP Đầu tư PV2,HNX,0.00017274580924971165
PVA,CTCP Tổng Công ty Xây lắp Dầu khí Nghệ An,UPCOM,1.3346844953352776e-05
PVB,CTCP Bọc ống Dầu khí Việt Nam,HNX,0.0012589634393987395
PVC,Tổng Công ty Hóa chất và Dịch vụ Dầu khí - CTCP,HNX,0.0016485539678041054
PVD,Tổng Công ty cổ phần Khoan và Dịch vụ khoan Dầu khí,HOSE,0.025510960357516075
PVG,CTCP Kinh doanh LPG Việt Nam,HNX,0.0005961472740099114
PVH,CTCP Xây lắp Dầu khí Thanh Hóa,UPCOM,1.6636880069169512e-05
PVI,CTCP PVI,HNX,0.02802441720626688
PVL,CTCP Đầu tư Nhà Đất Việt,UPCOM,0.0003842889854383144
PVM,CTCP Máy - Thiết bị Dầu khí,UPCOM,0.0012047723426551282
PVP,CTCP Vận tải Dầu khí Thái Bình Dương,HOSE,0.0035929725396465135
PVR,CTCP Đầu tư PVR Hà Nội,UPCOM,9.375105183859713e-05
PVS,Tổng Công ty cổ phần Dịch vụ Kỹ thuật Dầu khí Việt Nam,HNX,0.03178000767978232
PVT,Tổng Công ty cổ phần Vận tải Dầu khí,HOSE,0.019338873965805466
PVV,CTCP Vinaconex 39,UPCOM,6.842991945948661e-05
PVX,Tổng Công ty cổ phần Xây lắp Dầu khí Việt Nam,UPCOM,0.001325970701962866
PVY,CTCP Chế tạo Giàn khoan Dầu khí,UPCOM,0.00027202264594311575
PWS,CTCP Cấp thoát nước Phú Yên,UPCOM,0.0008574520628016784
PXI,CTCP Xây dựng Công nghiệp và Dân dụng Dầu khí,UPCOM,0.00010374335540743009
PXL,CTCP Đầu tư Khu Công nghiệp Dầu khí Long Sơn,UPCOM,0.002195107055115325
PXM,CTCP Xây lắp Dầu khí Miền Trung,UPCOM,9.574192879580814e-06
PXS,CTCP Kết cấu Kim loại và Lắp máy Dầu khí,UPCOM,0.00028619610780513804
PXT,CTCP Xây lắp Đường ống Bể chứa Dầu khí,UPCOM,0.00010178149785476656
QBS,CTCP Xuất nhập khẩu Quảng Bình,UPCOM,8.712828491630203e-05
QCG,CTCP Quốc Cường Gia Lai,HOSE,0.006307158418681145
QHD,CTCP Que hàn điện Việt Đức,HNX,0.0003409238020172662
QNC,CTCP Xi măng và Xây dựng Quảng Ninh,UPCOM,0.0007326591700368611
QNP,CTCP Cảng Quy Nhơn,HOSE,0.0028340540520332674
QNS,CTCP Đường Quảng Ngãi,UPCOM,0.0360555827591979
QNW,CTCP Cấp thoát nước và Xây dựng Quảng Ngãi,UPCOM,0.0006864150485484975
QPH,CTCP Thủy điện Quế Phong,UPCOM,0.0010783478484952761
QST,CTCP Sách và Thiết bị Trường học Quảng Ninh,HNX,0.00012222405355352052
QTC,CTCP Công trình Giao thông Vận tải Quảng Nam,HNX,8.46152442689607e-05
QTP,CTCP Nhiệt điện Quảng Ninh,UPCOM,0.012351620056685825
RAL,CTCP Bóng đèn Phích nước Rạng Đông,HOSE,0.005618673319471112
RCC,CTCP Tổng Công ty Công trình Đường sắt,UPCOM,0.0007971202909044604
RCL,CTCP Địa ốc Chợ Lớn,HNX,0.0003154644654057437
REE,CTCP Cơ Điện Lạnh,HOSE,0.06273567269659544
RTB,CTCP Cao su Tân Biên,UPCOM,0.00470213833030914
RYG,CTCP Sản xuất và Đầu tư Hoàng Gia,HOSE,0.0013029287844730107
S4A,CTCP Thủy điện Sê San 4A,HOSE,0.002943394832859198
S55,CTCP Sông Đà 505,HNX,0.0013671796193227411
S72,CTCP Sông Đà 7.02,UPCOM,0.0001567135093293453
S99,CTCP SCI,HNX,0.001547816962910377
SAB,Tổng Công ty cổ phần Bia - Rượu - Nước giải khát Sài Gòn,HOSE,0.13964127700790435
SAF,CTCP Lương thực Thực phẩm Safoco,HNX,0.001596645268671257
SAM,CTCP SAM Holdings,HOSE,0.005582637229958488
SAS,CTCP Dịch vụ Hàng không Sân bay Tân Sơn Nhất,UPCOM,0.009495752518002306
SAV,CTCP Hợp tác Kinh tế và Xuất nhập khẩu Savimex,HOSE,0.0009988209244709276
SBA,CTCP Sông Ba,HOSE,0.0035223306876930047
SBG,CTCP Tập đoàn Cơ khí Công nghệ cao Siba,HOSE,0.001002273366863412
SBH,CTCP Thủy điện Sông Ba Hạ,UPCOM,0.012128762847991012
SBL,CTCP Bia Sài Gòn - Bạc Liêu,UPCOM,0.00014038222231795304
SBM,CTCP Đầu tư Phát triển Bắc Minh,UPCOM,0.0027314426937307397
SBR,CTCP Cao su Sông Bé,UPCOM,0.0015568572684314642
SBS,CTCP Chứng khoán SBS,UPCOM,0.0013437466433936134
SBV,CTCP Siam Brothers Việt Nam,HOSE,0.0005333355366180182
SC5,CTCP Xây dựng Số 5,HOSE,0.0006518462406374042
SCD,CTCP Nước giải khát Chương Dương,UPCOM,0.00023038126043186074
SCG,CTCP Tập đoàn Xây dựng SCG,HNX,0.010881207820964514
SCI,CTCP SCI E&C,HNX,0.00047047588320963014
SCJ,CTCP Xi măng Sài Sơn,UPCOM,0.000389069051365379
SCL,CTCP Sông Đà Cao Cường,UPCOM,0.0009986929642739125
SCR,CTCP Địa ốc Sài Gòn Thương Tín,HOSE,0.004823979701417261
SCS,CTCP Dịch vụ Hàng hóa Sài Gòn,HOSE,0.014884296857797456
SCY,CTCP Đóng tàu Sông Cấm,UPCOM,0.001548067305351013
SD2,CTCP Sông Đà 2,UPCOM,0.00011359424396778044
SD3,CTCP Sông Đà 3,UPCOM,0.00015199860767800685
SD4,CTCP Sông Đà 4,UPCOM,5.051816000366861e-05
SD5,CTCP Sông Đà 5,HNX,0.0003999814602408385
SD6,CTCP Sông Đà 6,UPCOM,0.00020339001264735635
SD9,CTCP Sông Đà 9,HNX,0.0007978642524002071
SDA,CTCP Simco Sông Đà,HNX,0.00023869708805692838
SDC,CTCP Tư vấn Sông Đà,HNX,3.0315657195058577e-05
SDD,CTCP Đầu tư và Xây lắp Sông Đà,UPCOM,3.902363856447056e-05
SDG,CTCP Sadico Cần Thơ,HNX,0.00029031592038214157
SDN,CTCP Sơn Đồng Nai,HNX,0.00017956470424866105
SDT,CTCP Sông Đà 10,UPCOM,0.0003272563032180758
SDU,CTCP Đầu tư Xây dựng và Phát triển Đô thị Sông Đà,HNX,0.0007452707751284033
SEA,Tổng Công ty Thủy sản Việt Nam - CTCP,UPCOM,0.011884774962060848
SEB,CTCP Đầu tư và Phát triển Điện Miền Trung,HNX,0.002973938066118923
SED,CTCP Đầu tư và Phát triển Giáo dục Phương Nam,HNX,0.0004121053396973584
SFC,CTCP Nhiên liệu Sài Gòn,HOSE,0.0004834343284330655
SFG,CTCP Phân Bón Miền Nam,HOSE,0.0009315949198905087
SFI,CTCP Đại lý Vận tải SAFI,HOSE,0.0013775569374362842
SFN,CTCP Dệt lưới Sài Gòn,HNX,0.0001121652371280796
SGB,Ngân hàng TMCP Sài Gòn Công Thương,UPCOM,0.008366830710350848
SGC,CTCP Xuất nhập khẩu Sa Giang,HNX,0.001715286879695795
SGD,CTCP Sách Giáo dục tại Thành phố Hồ Chí Minh,HNX,9.106485097334204e-05
SGH,CTCP Khách sạn Sài Gòn,HNX,0.000865155181713545
SGI,CTCP Đầu tư Phát triển Sài Gòn 3 Group,UPCOM,0.001916580366413943
SGN,CTCP Phục vụ Mặt đất Sài Gòn,HOSE,0.0055181202916931
SGP,CTCP Cảng Sài Gòn,UPCOM,0.011915868744735263
SGR,CTCP Tổng CTCP Địa ốc Sài Gòn,HOSE,0.004406096159132303
SGS,CTCP Vận tải biển Sài Gòn,UPCOM,0.0004898212269111909
SGT,CTCP Công nghệ Viễn Thông Sài Gòn,HOSE,0.0050006483721288415
SHA,CTCP Sơn Hà Sài Gòn,HOSE,0.0002642305645405733
SHB,Ngân hàng TMCP Sài Gòn - Hà Nội,HOSE,0.07363951372617052
SHE,CTCP Phát triển Năng lượng Sơn Hà,HNX,0.00019501415590870657
SHI,CTCP Quốc tế Sơn Hà,HOSE,0.0049931966265156615
SHN,CTCP Đầu tư Tổng hợp Hà Nội,HNX,0.001720958644409238
SHP,CTCP Thủy điện Miền Nam,HOSE,0.0068618321081914384
SHS,CTCP Chứng khoán Sài Gòn - Hà Nội,HNX,0.020411728131713443
SID,CTCP Đầu tư Phát triển Sài Gòn Co.op,UPCOM,0.0023461465381018408
SII,CTCP Hạ tầng Nước Sài Gòn,UPCOM,0.0021058565315761725
SIP,CTCP Đầu tư Sài Gòn VRG,HOSE,0.03431525451095279
SJ1,CTCP Nông nghiệp Hùng Hậu,HNX,0.0009897554234018487
SJD,CTCP Thủy điện Cần Đơn,HOSE,0.0019208753336332485
SJE,CTCP Sông Đà 11,HNX,0.0008548808163911644
SJF,CTCP Đầu tư Sao Thái Dương,UPCOM,0.0002560619757962263
SJG,Tổng Công ty Sông Đà - CTCP,UPCOM,0.016219388597093005
SJS,CTCP SJ Group,HOSE,0.016527264196088985
SKG,CTCP Tàu cao tốc Superdong - Kiên Giang,HOSE,0.0014791501785792693
SKH,CTCP Nước giải khát Sanest Khánh Hòa,UPCOM,0.0017528808141763904
SKV,CTCP Nước giải khát Yến sào Khánh Hòa,UPCOM,0.0014403569060370907
SLS,CTCP Mía Đường Sơn La,HNX,0.0035343154660539325
SMA,CTCP Thiết bị Phụ tùng Sài Gòn,HOSE,0.0005429427122467743
SMB,CTCP Bia Sài Gòn - Miền Trung,HOSE,0.0025097769623266676
SMC,CTCP Đầu tư Thương mại SMC,HOSE,0.0011991527141491983
SMN,CTCP Sách và Thiết bị Giáo dục Miền Nam,HNX,0.00011290523017836876
SMT,CTCP Sametel,HNX,5.3057514653992305e-05
SNZ,Tổng Công ty cổ phần Phát triển Khu Công nghiệp,UPCOM,0.025105109040665728
SP2,CTCP Thủy điện Sử Pán 2,UPCOM,0.0007808755469229173
SPB,CTCP Sợi Phú Bài,UPCOM,0.0005137749975462488
SPC,CTCP Bảo vệ Thực vật Sài Gòn,HNX,0.000167513535156758
SPD,CTCP Xuất nhập khẩu Thủy sản Miền Trung,UPCOM,0.00018025579996130763
SPM,CTCP SPM,HOSE,0.00029448299410758877
SPV,CTCP Thủy Đặc sản,UPCOM,0.00036058974620213895
SQC,CTCP Khoáng sản Sài Gòn - Quy Nhơn,UPCOM,0.004054670798290212
SRA,CTCP Sara Việt Nam,HNX,0.00017837230449249862
SRC,CTCP Cao su Sao Vàng,HOSE,0.0013407975712730193
SRF,CTCP SEAREFICO,HOSE,0.0005772126961952972
SSB,Ngân hàng TMCP Đông Nam Á,HOSE,0.09315317568507399
SSC,CTCP Giống cây trồng Miền Nam,HOSE,0.0008902061064709984
SSH,CTCP Phát triển Sunshine Homes,UPCOM,0.049283588485576714
SSI,CTCP Chứng khoán SSI,HOSE,0.10025613455734528
SSM,CTCP Chế tạo kết cấu Thép Vneco.SSM,HNX,3.6566202453372875e-05
ST8,CTCP Tập đoàn ST8,HOSE,0.00034060122872923624
STB,Ngân hàng TMCP Sài Gòn Thương Tín,HOSE,0.13646747856670155
STC,CTCP Sách và Thiết bị Trường học Thành phố Hồ Chí Minh,HNX,0.0001808718428514195
STG,CTCP Kho vận Miền Nam,HOSE,0.0073553147321964475
STH,CTCP Phát hành Sách Thái Nguyên,UPCOM,0.00023293167525032332
STK,CTCP Sợi Thế Kỷ,HOSE,0.004646299909647883
STP,CTCP Công nghiệp Thương mại Sông Đà,HNX,0.00015087273823898462
STW,CTCP Cấp nước Sóc Trăng,UPCOM,0.0010126930738521666
SVC,CTCP Dịch vụ Tổng hợp Sài Gòn,HOSE,0.0026320388043956245
SVD,CTCP Đầu tư & Thương mại Vũ Đăng,HOSE,0.0001706417099617928
SVG,CTCP Hơi Kỹ nghệ Que hàn,UPCOM,0.0002740620188419142
SVH,CTCP Thủy điện Sông Vàng,UPCOM,0.00016637364098664903
SVI,CTCP Bao bì Biên Hòa,HOSE,0.0015024422817573424
SVN,CTCP Tập đoàn Vexilla Việt Nam,HNX,0.00013199410416578488
SVT,CTCP Công nghệ Sài Gòn Viễn Đông,HOSE,0.0004113441356317671
SWC,Tổng Công ty cổ phần Đường sông Miền Nam,UPCOM,0.0036120351239579815
SZB,CTCP Sonadezi Long Bình,HNX,0.0023284898201278693
SZE,CTCP Môi trường Sonadezi,UPCOM,0.000692300621206488
SZG,CTCP Sonadezi Giang Điền,UPCOM,0.003675327787578991
SZL,CTCP Sonadezi Long Thành,HOSE,0.002261147180173158
TA9,CTCP Xây lắp Thành An 96,HNX,0.0002940540512180454
TAL,CTCP Đầu tư Bất động sản Taseco,UPCOM,0.011820152845669276
TBC,CTCP Thủy điện Thác Bà,HOSE,0.005224191567859234
TBD,Tổng Công ty Thiết bị Điện Đông Anh - CTCP,UPCOM,0.006110263178622747
TBX,CTCP Xi măng Thái Bình,HNX,5.799135411500683e-05
TCB,Ngân hàng TMCP Kỹ thương Việt Nam,HOSE,0.3416466545801238
TCD,CTCP Tập đoàn Xây dựng TRACODI,HOSE,0.0030488991654173763
TCI,CTCP Chứng khoán Thành Công,HOSE,0.0020107210419853844
TCK,Tổng Công ty Cơ khí Xây dựng - CTCP,UPCOM,0.000165041594640402
TCL,CTCP Đại lý Giao nhận Vận tải Xếp dỡ Tân Cảng,HOSE,0.0020716218987312626
TCM,CTCP Dệt may - Đầu tư - Thương mại Thành Công,HOSE,0.009553546778021999
TCO,CTCP TCO Holdings,HOSE,0.000827591218923153
TCR,CTCP Công nghiệp Gốm sứ Taicera,HOSE,0.0002993733947072295
TCT,CTCP Cáp treo Núi Bà Tây Ninh,HOSE,0.0004133998125477569
TCW,CTCP Kho Vận Tân Cảng,UPCOM,0.0012194888757232193
TDC,CTCP Kinh doanh và Phát triển Bình Dương,HOSE,0.002248053660468664
TDF,CTCP Trung Đô,UPCOM,0.00060990260399462
TDG,CTCP Đầu tư TDG Global,HOSE,0.00015607362045305233
TDH,CTCP Phát triển Nhà Thủ Đức,HOSE,0.0006240023047603574
TDM,CTCP Nước Thủ Dầu Một,HOSE,0.010738973148396407
TDP,CTCP Thuận Đức,HOSE,0.005668924664101019
TDS,CTCP Thép Thủ Đức - VNSTEEL,UPCOM,0.0002365591667371731
TDT,CTCP Đầu tư và Phát triển TDT,HNX,0.00033415312359138854
TDW,CTCP Cấp nước Thủ Đức,HOSE,0.0008440503029050119
TED,Tổng Công ty tư vấn thiết kế giao thông vận tải - CTCP,UPCOM,0.0013897409811783718
TEG,CTCP Năng lượng và Bất động sản Trường Thành,HOSE,0.0016628046007062618
TET,CTCP Vải sợi May mặc Miền Bắc,HNX,0.000338756508158604
TFC,CTCP Trang,HNX,0.00155367127964621
TGG,CTCP The Golden Group,UPCOM,0.00011510246551462818
TH1,CTCP Xuất nhập khẩu tổng hợp 1 Việt Nam,UPCOM,7.691597981862792e-05
THB,CTCP Bia Hà Nội - Thanh Hóa,HNX,0.00024967133272059026
THD,CTCP Thaiholdings,HNX,0.02680560362584795
THG,CTCP Đầu tư và Xây dựng Tiền Giang,HOSE,0.0025111846784996498
THM,CTCP Tứ Hải Hà Nam,UPCOM,0.00016119611841427514
THN,CTCP Cấp nước Thanh Hóa,UPCOM,0.0003220521859009038
THP,CTCP Thủy sản và Thương mại Thuận Phước,UPCOM,0.00034381491360688157
THS,CTCP Thanh Hoa - Sông Đà,HNX,3.747180727845616e-05
THT,CTCP Than Hà Tu - Vinacomin,HNX,0.0005847895317097991
TID,CTCP Tổng Công ty Tín Nghĩa,UPCOM,0.009330359425583995
TIG,CTCP Tập đoàn Đầu tư Thăng Long,HNX,0.005043627155345189
TIN,Công Ty Tài chính Cổ phần Tín Việt,UPCOM,0.00254988570646156
TIP,CTCP Phát triển Khu Công nghiệp Tín Nghĩa,HOSE,0.002708437581473316
TIS,CTCP Gang thép Thái Nguyên,UPCOM,0.00219377355464026
TIX,CTCP Sản xuất Kinh doanh Xuất nhập khẩu Dịch vụ và Đầu tư Tân Bình,HOSE,0.002225492298613034
TJC,CTCP Dịch vụ Vận tải và Thương mại,HNX,0.0002973002215532136
TKU,CTCP Công nghiệp Tung Kuang,HNX,0.0014083266959897703
TL4,Tổng Công ty cổ phần Xây dựng Thủy Lợi 4,UPCOM,0.0001932204727091725
TLD,CTCP Đầu tư Xây dựng và Phát triển Đô thị Thăng Long,HOSE,0.0008963460507934296
TLG,CTCP Tập đoàn Thiên Long,HOSE,0.011169190053520591
TLH,CTCP Tập đoàn Thép Tiến Lên,HOSE,0.0010077580525093067
TLT,CTCP Viglacera Thăng Long,UPCOM,0.00017704286584731055
TMB,CTCP Kinh doanh Than Miền Bắc - Vinacomin,HNX,0.002225492298613034
TMC,CTCP Thương mại Xuất nhập khẩu Thủ Đức,HNX,0.0002035626676869503
TMG,CTCP Kim loại màu Thái Nguyên - Vimico,UPCOM,0.0017646519594923715
TMP,CTCP Thủy điện Thác Mơ,HOSE,0.009536354468613666
TMS,CTCP Transimex,HOSE,0.013944895720830274
TMT,CTCP Ô tô TMT,HOSE,0.000703835015830958
TMX,CTCP VICEM Thương mại Xi măng,HNX,0.00010845181353382255
TN1,CTCP Rox Key Holdings,HOSE,0.001154830072203041
TNA,CTCP Thương mại Xuất nhập khẩu Thiên Nam,UPCOM,0.0003492812991043809
TNB,CTCP Thép Nhà Bè - VNSTEEL,UPCOM,0.0002932470238494108
TNC,CTCP Cao su Thống Nhất,HOSE,0.0012211928941851665
TNG,CTCP Đầu tư và Thương mại TNG,HNX,0.006053175244215882
TNH,CTCP Tập đoàn Bệnh viện TNH,HOSE,0.005182455607669495
TNI,CTCP Tập đoàn Thành Nam,HOSE,0.00022160194788369144
TNS,CTCP Thép tấm lá Thống Nhất,UPCOM,0.00021164552080392405
TNT,CTCP Tập đoàn TNT,HOSE,0.00042315338355657886
TNV,CTCP Thống Nhất Hà Nội,UPCOM,0.0004057320884889267
TNW,CTCP Nước sạch Thái Nguyên,UPCOM,0.00032778748792160477
TOS,CTCP Dịch vụ biển Tân Cảng,UPCOM,0.004461993470245021
TOT,CTCP Transimex Logistics,HNX,0.0003080457764056766
TPB,Ngân hàng TMCP Tiên Phong,HOSE,0.08629122706177013
TPC,CTCP Nhựa Tân Đại Hưng,HOSE,0.0003320654383808699
TPH,CTCP In sách giáo khoa tại Thành phố Hà Nội,HNX,5.5242644544408796e-05
TPP,CTCP Tân Phú Việt Nam,HNX,0.0009100668095521396
TRA,CTCP Traphaco,HOSE,0.006375541789342665
TRC,CTCP Cao su Tây Ninh,HOSE,0.003066001120612905
TS4,CTCP Thủy sản Số 4,UPCOM,2.970660401103533e-05
TSA,CTCP Đầu tư và Xây lắp Trường Sơn,UPCOM,0.0007952981427213232
TSB,CTCP Ắc quy Tia Sáng,HNX,0.000560965322932262
TSC,CTCP Vật tư Kỹ thuật nông nghiệp Cần Thơ,HOSE,0.0009304057551393578
TSJ,CTCP Du lịch Dịch vụ Hà Nội,UPCOM,0.005245275494029105
TT6,CTCP Tập đoàn Tiến Thịnh,UPCOM,0.0003546888710552376
TTA,CTCP Đầu tư Xây dựng và Phát triển Trường Thành,HOSE,0.004162277140090985
TTC,CTCP Gạch men Thanh Thanh,HNX,0.00011312396003114427
TTD,CTCP Bệnh viện tim Tâm Đức,UPCOM,0.002142929485366742
TTE,CTCP Đầu tư Năng lượng Trường Thịnh,HOSE,0.0021075094028422357
TTF,CTCP Tập đoàn Kỹ nghệ gỗ Trường Thành,HOSE,0.0024393308163365417
TTH,CTCP Thương mại và Dịch vụ Tiến Thành,HNX,0.0001972250218388704
TTL,Tổng Công ty Thăng Long - CTCP,HNX,0.0009526161450929964
TTN,CTCP Công nghệ và Truyền thông Việt Nam,UPCOM,0.0016707785469905864
TTS,CTCP Cán Thép Thái Trung,UPCOM,0.0004104994023418991
TTT,CTCP Du lịch - Thương mại Tây Ninh,HNX,0.0002788327070898771
TUG,CTCP Lai Dắt và Vận tải Cảng Hải Phòng,UPCOM,8.832315504349478e-05
TV1,CTCP Tư vấn Xây dựng Điện 1,UPCOM,0.001149174378438112
TV2,CTCP Tư vấn Xây dựng Điện 2,HOSE,0.004416639816281235
TV3,CTCP Tư vấn Xây dựng Điện 3,HNX,0.0002010390063275619
TV4,CTCP Tư vấn Xây dựng Điện 4,HNX,0.0005197126865577544
TVA,CTCP Sứ Viglacera Thanh Trì,UPCOM,8.955912530167279e-05
TVB,CTCP Chứng khoán Trí Việt,HOSE,0.0018348335274307062
TVC,CTCP Tập đoàn Quản lý Tài sản Trí Việt,HNX,0.0024119687580718132
TVD,CTCP Than Vàng Danh - Vinacomin,HNX,0.0009445934056456653
TVN,Tổng Công ty Thép Việt Nam - CTCP,UPCOM,0.010367004956411402
TVS,CTCP Chứng khoán Thiên Việt,HOSE,0.0064460499841591055
TVT,Tổng Công ty Việt Thắng - CTCP,HOSE,0.0006696411664732243
TXM,CTCP VICEM Thạch cao Xi măng,HNX,5.5089288101374626e-05
TYA,CTCP Dây và Cáp Điện Taya Việt Nam,HOSE,0.000810514143534261
UDC,CTCP Xây dựng và Phát triển Đô thị Tỉnh Bà Rịa Vũng Tàu,UPCOM,0.00023703509650747432
UDJ,CTCP Phát triển Đô thị,UPCOM,0.00026706799666666875
UIC,CTCP Đầu tư Phát triển Nhà và Đô thị IDICO,HOSE,0.0006173576626947413
UNI,CTCP Đầu Tư Và Phát Triển Sao Mai Việt,HNX,0.00021865028768061395
UPH,CTCP Dược phẩm TW 25,UPCOM,0.0002579558318347709
UXC,CTCP Chế biến Thủy sản Út Xi,UPCOM,0.00031833103945439064
V12,CTCP Xây dựng Số 12,HNX,0.0002704212035956812
V21,CTCP Vinaconex 21,HNX,0.00014729386099373253
VAB,Ngân hàng TMCP Việt Á,UPCOM,0.009949569546768691
VAF,CTCP Phân lân Nung chảy Văn Điển,HOSE,0.0010264341391706098
VAV,CTCP VIWACO,UPCOM,0.0031308895591672515
VBB,Ngân hàng TMCP Việt Nam Thương Tín,UPCOM,0.012877908408712635
VBC,CTCP Nhựa - Bao bì Vinh,HNX,0.00028619453831909593
VC1,CTCP Xây dựng Số 1,HNX,0.00019202694527728877
VC2,CTCP Đầu tư và Xây dựng Vina2,HNX,0.0012871090243524697
VC3,CTCP Tập đoàn Nam Mê Kông,HNX,0.006743946134657872
VC6,CTCP Xây dựng và Đầu tư Visicons,HNX,0.0003584276610752791
VC7,CTCP Tập đoàn BGI,HNX,0.002291812467850107
VC9,CTCP Xây dựng số 9 - VC9,HNX,0.0001458594147077812
VCA,CTCP Thép VICASA - VNSTEEL,HOSE,0.0003539311277063693
VCB,Ngân hàng TMCP Ngoại thương Việt Nam,HOSE,0.9999999999999999
VCC,CTCP Vinaconex 25,HNX,0.00041097024815453834
VCF,CTCP Vinacafé Biên Hòa,HOSE,0.010942257590938441
VCG,Tổng Công ty cổ phần Xuất nhập khẩu và Xây dựng Việt Nam,HOSE,0.021306462477329445
VCI,CTCP Chứng khoán Vietcap,HOSE,0.04676437256984374
VCM,CTCP BV Life,HNX,8.844086649665458e-05
VCP,CTCP Xây Dựng Và Năng Lượng VCP,UPCOM,0.0043973918815537645
VCR,CTCP Đầu tư và Phát triển Du lịch Vinaconex,UPCOM,0.009714883505906047
VCS,CTCP Vicostone,HNX,0.019924390209967037
VCW,CTCP Đầu tư Nước sạch Sông Đà,UPCOM,0.004553236284848309
VCX,CTCP Xi măng Yên Bình,UPCOM,0.0004915790512783774
VDP,CTCP Dược phẩm Trung ương VIDIPHA,HOSE,0.0015949228420998932
VDS,CTCP Chứng khoán Rồng Việt,HOSE,0.009955603427617862
VE1,CTCP Xây dựng Điện VNECO 1,HNX,3.148098488648029e-05
VE2,CTCP Xây dựng Điện VNECO 2,UPCOM,3.307881584653199e-05
VE3,CTCP Xây dựng Điện VNECO 3,HNX,1.4701405576874203e-05
VE4,CTCP Xây dựng Điện VNECO4,HNX,0.0005150726878430336
VE9,CTCP Đầu tư và Xây dựng VNECO 9,UPCOM,3.61426554568423e-05
VEA,Tổng Công ty Máy động lực và Máy nông nghiệp Việt Nam – CTCP,UPCOM,0.10374718685088151
VEC,Tổng Công ty cổ phần Điện tử và Tin học Việt Nam,UPCOM,0.00072231704176224
VEF,CTCP Trung tâm Hội chợ Triển lãm Việt Nam,UPCOM,0.05617700757664109
VES,CTCP Đầu tư và Xây dựng Điện Mê Ca Vneco,UPCOM,1.6657479573472476e-05
VET,CTCP Thuốc thú y Trung ương Navetco,UPCOM,0.0005851831988310596
VFC,CTCP Vinafco,UPCOM,0.006822142958498666
VFG,CTCP Khử trùng Việt Nam,HOSE,0.00662867164778364
VFR,CTCP Vận tải và Thuê tàu,UPCOM,0.00031562397109509096
VFS,CTCP Chứng khoán Nhất Việt,HNX,0.003782226266651542
VGC,Tổng Công ty Viglacera - CTCP,HOSE,0.03952988505136992
VGG,Tổng Công ty cổ phần May Việt Tiến,UPCOM,0.0038333130373229005
VGI,Tổng Công ty cổ phần Đầu tư Quốc tế Viettel,UPCOM,0.5475806675047936
VGP,CTCP Cảng Rau Quả,HNX,0.00048322448873779
VGR,CTCP Cảng Xanh Vip,UPCOM,0.007437166887263692
VGS,CTCP Ống thép Việt Đức VG PIPE,HNX,0.0034264935127729652
VGT,Tập đoàn Dệt May Việt Nam,UPCOM,0.014313477609349352
VGV,Tổng Công ty Tư vấn Xây dựng Việt Nam - CTCP,UPCOM,0.0022729095324435884
VHC,CTCP Vĩnh Hoàn,HOSE,0.031036248801740895
VHD,CTCP Đầu tư Phát triển Nhà và Đô Thị VINAHUD,UPCOM,0.0006628727579165352
VHE,CTCP Dược liệu và Thực phẩm Việt Nam,HNX,0.00018696532924912626
VHF,CTCP Xây dựng và Chế biến Lương thực Vĩnh Hà,UPCOM,0.000759592335262847
VHG,CTCP Đầu tư Phát triển Việt Trung Nam,UPCOM,0.0005216190141247613
VHL,CTCP Viglacera Hạ Long,HNX,0.00048238186307149073
VHM,CTCP Vinhomes,HOSE,0.32231820795283483
VIB,Ngân hàng TMCP Quốc tế Việt Nam,HOSE,0.11513101823779807
VIC,Tập đoàn VINGROUP - CTCP,HOSE,0.30417690358774035
VID,CTCP Đầu tư Phát triển Thương mại Viễn Đông,HOSE,0.00038207533529876754
VIF,Tổng Công ty Lâm nghiệp Việt Nam - CTCP,HNX,0.011939629970626486
VIG,CTCP Chứng khoán Đầu tư tài chính Việt Nam,HNX,0.0005054790866990558
VIH,CTCP Viglacera Hà Nội,UPCOM,0.00010727469900222443
VIM,CTCP Khoáng sản Viglacera,UPCOM,4.120914591628018e-05
VIN,CTCP Giao nhận Kho vận Ngoại Thương Việt Nam,UPCOM,0.000692300621206488
VIP,CTCP Vận tải Xăng dầu Vipco,HOSE,0.0018859737565230942
VIT,CTCP Viglacera Tiên Sơn,HNX,0.0020028079531109006
VIW,Tổng Công ty Đầu tư Nước và Môi trường Việt Nam,UPCOM,0.0010391003780712788
VIX,CTCP Chứng khoán VIX,HOSE,0.028176659053382163
VJC,CTCP Hàng không Vietjet,HOSE,0.10624834609651239
VKC,CTCP VKC Holdings,UPCOM,2.5957861487629195e-05
VLA,CTCP Đầu tư và Phát triển Công nghệ Văn Lang,HNX,7.815279916875473e-05
VLB,CTCP Xây dựng và Sản xuất Vật liệu xây dựng Biên Hòa,UPCOM,0.003933258065434395
VLC,Tổng Công ty Chăn Nuôi Việt Nam - CTCP,UPCOM,0.0073289750606622345
VLG,CTCP VIMC Logistics,UPCOM,0.00027531510826909675
VLW,CTCP Cấp nước Vĩnh Long,UPCOM,0.0015737828381937372
VMC,CTCP Vimeco,HNX,0.0003815804511790512
VMD,CTCP Y Dược phẩm Vimedimex,HOSE,0.000491728980356267
VMS,CTCP Phát triển Hàng Hải,HNX,0.0004103815978966913
VNA,CTCP Vận tải Biển Vinaship,UPCOM,0.0014727258135265322
VNB,CTCP Sách Việt Nam,UPCOM,0.0014970801876264138
VNC,CTCP Tập đoàn Vinacontrol,HNX,0.0008261624388741853
VND,CTCP Chứng khoán VNDIRECT,HOSE,0.03762226568120838
VNE,Tổng Công ty cổ phần Xây dựng Điện Việt Nam,HOSE,0.0005569596567797292
VNF,CTCP Vinafreight,HNX,0.0010740518356058954
VNG,CTCP Du lịch Thành Thành Công,HOSE,0.0016560671103575712
VNL,CTCP Logistics Vinalink,HOSE,0.0004593637924506525
VNM,CTCP Sữa Việt Nam,HOSE,0.2599442725184282
VNP,CTCP Nhựa Việt Nam,UPCOM,0.0003730850719965348
VNR,Tổng Công ty cổ phần Tái Bảo hiểm Quốc gia Việt Nam,HNX,0.007828308047279178
VNS,CTCP Ánh Dương Việt Nam,HOSE,0.0013764701856711903
VNT,CTCP Giao nhận Vận tải Ngoại thương,HNX,0.0009029458675529393
VNY,CTCP Thuốc thú y Trung ương I,UPCOM,0.000195950107923529
VNZ,CTCP VNG,UPCOM,0.019723495996574296
VOC,Tổng Công ty Công Nghiệp Dầu Thực Vật Việt Nam - CTCP,UPCOM,0.00410193057343359
VOS,CTCP Vận tải Biển Việt Nam,HOSE,0.004661138450244802
VPA,CTCP Vận tải Hoá Dầu VP,UPCOM,0.00010431125941402924
VPB,Ngân hàng TMCP Việt Nam Thịnh Vượng,HOSE,0.2988442939013489
VPD,CTCP Phát triển Điện lực Việt Nam,HOSE,0.005617075162646521
VPG,CTCP Đầu tư Thương mại Xuất nhập khẩu Việt Phát,HOSE,0.002056080870503445
VPH,CTCP Vạn Phát Hưng,HOSE,0.0013108203368600241
VPI,CTCP Đầu tư Văn Phú - INVEST,HOSE,0.03753983993078578
VPS,CTCP Thuốc sát trùng Việt Nam,HOSE,0.00041421706276372687
VRC,CTCP Bất động sản và Đầu tư VRC,HOSE,0.0011297948554504543
VRE,CTCP Vincom Retail,HOSE,0.07644601782026572
VRG,CTCP Phát triển Đô thị và Khu công nghiệp Cao su Việt Nam,UPCOM,0.0012467279212229282
VSA,CTCP Đại lý Hàng hải Việt Nam,HNX,0.0006279893179832694
VSC,CTCP Container Việt Nam,HOSE,0.008938124111322497
VSF,Tổng Công ty Lương thực Miền Nam - CTCP,UPCOM,0.0348148890346832
VSH,CTCP Thủy điện Vĩnh Sơn - Sông Hinh,HOSE,0.022748376605248546
VSI,CTCP Đầu tư và Xây dựng Cấp thoát nước,HOSE,0.00045805472347815515
VSM,CTCP Container Miền Trung,HNX,0.00012026694761984951
VSN,CTCP Việt Nam Kỹ nghệ Súc sản,UPCOM,0.0029124225953037885
VST,CTCP Vận tải và Thuê tàu biển Việt Nam,UPCOM,0.0003709447120878416
VTB,CTCP Viettronics Tân Bình,HOSE,0.00022614354217779967
VTC,CTCP Viễn thông VTC,HNX,6.389029545891852e-05
VTD,CTCP Du lịch Vietourist,UPCOM,0.00017790157089811137
VTE,CTCP VINACAP Kim Long,UPCOM,0.00016024485292413966
VTG,CTCP Du lịch Tỉnh Bà Rịa - Vũng Tàu,UPCOM,0.00033209150911351563
VTH,CTCP Dây cáp Điện Việt Thái,HNX,0.00012055629551616196
VTJ,CTCP Thương mại và Đầu tư VI NA TA BA,HNX,9.927032018735725e-05
VTO,CTCP Vận tải Xăng dầu Vitaco,HOSE,0.0022952166968084916
VTP,Tổng Công ty cổ phần Bưu chính Viettel,HOSE,0.03270019973739561
VTQ,CTCP Việt Trung Quảng Bình,UPCOM,0.0010844100012812664
VTR,CTCP Du lịch và Tiếp thị Giao thông Vận tải Việt Nam - Vietravel,UPCOM,0.0011422552641041281
VTV,CTCP Năng lượng và Môi trường VICEM,HNX,0.00038365899374100305
VTX,CTCP Vận tải Đa Phương Thức Vietranstimex,UPCOM,0.00032107512571148016
VTZ,CTCP Sản xuất và Thương mại Nhựa Việt Thành,HNX,0.0025618510644926664
VUA,CTCP Chứng khoán Stanley Brothers,UPCOM,0.0008166039157432491
VVN,Tổng Công ty cổ phần Xây dựng Công nghiệp Việt Nam,UPCOM,0.0003048337545554416
VVS,CTCP Đầu tư phát triển máy Việt Nam,UPCOM,0.0006675812160429276
VW3,CTCP Viwaseen3,UPCOM,3.429359804314125e-05
WCS,CTCP Bến xe Miền Tây,HNX,0.0013161713229534896
WSB,CTCP Bia Sài Gòn - Miền Tây,UPCOM,0.0020201839057267957
WSS,CTCP Chứng khoán Phố Wall,HNX,0.00046558836242069086
X20,CTCP X20,HNX,0.0003438747198534457
XDH,CTCP Đầu tư Xây dựng Dân dụng Hà Nội,UPCOM,0.0007342386576287954
XHC,CTCP Xuân Hòa Việt Nam,UPCOM,0.0010881882709379545
XMC,CTCP Đầu tư  và Xây dựng Xuân Mai,UPCOM,0.0009304825354755605
XMP,CTCP Thủy điện Xuân Minh,UPCOM,0.00046276328754485537
XPH,CTCP Xà phòng Hà Nội,UPCOM,0.00019297364454397045
YBM,CTCP Khoáng sản Công nghiệp Yên Bái,HOSE,0.0002864879144975212
YEG,CTCP Tập đoàn Yeah1,HOSE,0.004991175947863204
